rank,url,data
27,http://www.linkedin.com/,"{""@context"":""http://schema.org"",""@type"":""WebSite"",""url"":""https://www.linkedin.com/"",""potentialAction"":{""@type"":""SearchAction"",""target"":""https://www.linkedin.com/vsearch/f?type=all&keywords="",""query-input"":""required name=search_term""}}"
67,http://www.wikia.com/,"[{""@context"":""http://schema.org"",""@type"":""WebPage"",""headline"":""Fandom Home Page"",""url"":""/"",""thumbnailUrl"":"""",""dateCreated"":"""",""creator"":[],""keywords"":[]}]"
75,http://www.xhamster.com/,"{""@context"":""https://schema.org"",""@type"":""WebSite"",""url"":""https://xhamster.com/"",""potentialAction"":{""@type"":""SearchAction"",""target"":""https://xhamster.com/search?from=google&q={search_term_string}"",""query-input"":""required name=search_term_string""}}"
177,http://www.providr.com/,"{""@context"":""http://schema.org"",""@type"":""WebSite"",""@id"":""#website"",""url"":""https://www.providr.com/"",""name"":""Providr.com"",""potentialAction"":{""@type"":""SearchAction"",""target"":""https://www.providr.com/?s={search_term_string}"",""query-input"":""required name=search_term_string""}}"
184,http://www.daikynguyenvn.com/,"{""@context"":""https://schema.org"",""@type"":""WebSite"",""@id"":""#website"",""url"":""https://www.dkn.tv/"",""name"":""Đại Kỷ Nguyên"",""potentialAction"":{""@type"":""SearchAction"",""target"":""https://www.dkn.tv/?s={search_term_string}"",""query-input"":""required name=search_term_string""}}"
228,http://www.bankofamerica.com/,"{""@context"":""http://schema.org"",""@type"":""Organization"",""name"":""Bank of America"",""url"":""https://www.bankofamerica.com"",""sameAs"":[""https://www.facebook.com/BankofAmerica/"",""https://www.twitter.com/BankofAmerica"",""https://www.linkedin.com/company/ba​nk-of-america"",""https://www.youtube.com/bankofamerica"",""https://www.instagram.com/bankofame​rica/"",""https://plus.google.com/+BankofAmerica""]}"
241,http://www.breitbart.com/,"{""@context"":""http://schema.org"",""@type"":""WebSite"",""@id"":""#website"",""url"":""http://www.breitbart.com/"",""name"":""Breitbart"",""alternateName"":""Breitbart News Network"",""potentialAction"":{""@type"":""SearchAction"",""target"":""http://www.breitbart.com/?s={search_term_string}"",""query-input"":""required name=search_term_string""}}"
255,http://www.outbrain.com/,"{""@context"":""http://schema.org"",""@type"":""Organization"",""url"":""https://www.outbrain.com/"",""logo"":""https://www.outbrain.com/images/logo-json.png""}"
293,http://www.allegro.pl/,"{""@context"":""http://schema.org"",""@type"":""WebSite"",""url"":""https://allegro.pl"",""potentialAction"":{""@type"":""SearchAction"",""target"":""https://allegro.pl/listing?string={string}"",""query-input"":""required name=string""}}"
298,http://www.liputan6.com/,"{""@context"":""http://schema.org"",""@type"":""WebSite"",""url"":""http://www.liputan6.com"",""potentialAction"":{""@type"":""SearchAction"",""target"":""https://www.liputan6.com/search?q={search_term_string}"",""query-input"":""required name=search_term_string""}}"
301,http://www.tripadvisor.com/,"{""@context"":""http://schema.org"",""@type"":""Organization"",""name"":""TripAdvisor"",""url"":""https://www.tripadvisor.com/"",""logo"":""https://static.tacdn.com/img2/branding/trip_logo_footer@2x.png"",""sameAs"":[""https://www.facebook.com/TripAdvisor"",""https://twitter.com/TripAdvisor"",""https://plus.google.com/+TripAdvisor"",""https://instagram.com/TripAdvisor/"",""https://www.linkedin.com/company/tripadvisor""]}"
323,http://www.bestbuy.com/,"{""@context"":""http://schema.org"",""@type"":""WebSite"",""name"":""Best Buy"",""url"":""http://www.bestbuy.com/""}"
334,http://www.mailchimp.com/,"{""@context"":""http://schema.org"",""@type"":""WebPage"",""url"":""https://mailchimp.com/"",""description"":""MailChimp provides marketing automation for e-commerce businesses. Send beautiful emails, connect your e-commerce store, advertise, and build your brand.\n"",""name"":""Marketing Automation - Sell More Stuff | MailChimp""}"
364,http://www.okdiario.com/,"{""@context"":""https://schema.org"",""@type"":""WebSite"",""@id"":""#website"",""url"":""https://okdiario.com/"",""name"":""OKDIARIO"",""potentialAction"":{""@type"":""SearchAction"",""target"":""https://okdiario.com/?s={search_term_string}"",""query-input"":""required name=search_term_string""}}"
406,http://www.newstrend.news/,"{""@context"":""https://schema.org"",""@type"":""WebSite"",""@id"":""#website"",""url"":""https://www.newstrend.news/"",""name"":""Newstrend"",""potentialAction"":{""@type"":""SearchAction"",""target"":""https://www.newstrend.news/?s={search_term_string}"",""query-input"":""required name=search_term_string""}}"
448,http://www.marca.com/,"{""@context"":""http://schema.org"",""@type"":""WebSite"",""url"":""http://www.marca.com"",""dateModified"":""2018-04-15T11:41"",""image"":""https://e00-marca.uecdn.es/assets/v10/img/logo-marca.png"",""potentialAction"":{""@type"":""SearchAction"",""target"":""http://cgi.marca.com/buscador/archivo_marca.html?q={search_term_string}"",""query-input"":""required name=search_term_string""}}"
466,http://www.tfetimes.com/,"{""@context"":""https://schema.org"",""@type"":""WebSite"",""@id"":""#website"",""url"":""https://tfetimes.com/"",""name"":""TFE Times"",""potentialAction"":{""@type"":""SearchAction"",""target"":""https://tfetimes.com/?s={search_term_string}"",""query-input"":""required name=search_term_string""}}"
470,http://www.elmundo.es/,"{""@context"":""http://schema.org"",""@type"":""WebSite"",""url"":""http://www.elmundo.es"",""dateModified"":""2018-04-15T11:44"",""image"":""https://e00-elmundo.uecdn.es/assets/v9/img/elmundo-desktop-portada.png"",""potentialAction"":{""@type"":""SearchAction"",""target"":""http://ariadna.elmundo.es/buscador/archivo.html?q={search_term_string}"",""query-input"":""required name=search_term_string""}}"
475,http://www.conservativetribune.com/,"{""@context"":""https://schema.org"",""@type"":""WebSite"",""@id"":""#website"",""url"":""https://conservativetribune.com/"",""name"":""Conservative Tribune"",""potentialAction"":{""@type"":""SearchAction"",""target"":""https://conservativetribune.com/?s={search_term_string}"",""query-input"":""required name=search_term_string""}}"
488,http://www.quizlet.com/,"{""@context"":""http://schema.org"",""@type"":""WebSite"",""url"":""https://quizlet.com/"",""potentialAction"":{""@type"":""SearchAction"",""target"":""https://quizlet.com/subject/{q}/"",""query-input"":""required name=q""}}"
503,http://www.gizmodo.com/,"{""@context"":""http://schema.org"",""@type"":""ItemList"",""url"":""https://gizmodo.com"",""itemListElement"":[{""@type"":""ListItem"",""position"":1,""url"":""https://deals.kinja.com/save-74-on-the-4k-apple-tv-plus-three-months-of-direc-1823322517""},{""@type"":""ListItem"",""position"":2,""url"":""https://gizmodo.com/how-did-the-pentagon-quantify-this-bizarre-statistic-on-1825268639""},{""@type"":""ListItem"",""position"":3,""url"":""https://jalopnik.com/new-dutch-singing-road-to-be-removed-after-villagers-la-1825267982""},{""@type"":""ListItem"",""position"":4,""url"":""https://gizmodo.com/sina-weibos-crackdown-on-illegal-content-including-gay-1825267896""},{""@type"":""ListItem"",""position"":5,""url"":""https://gizmodo.com/comcast-wont-let-people-hijack-your-account-despite-wh-1825267763""},{""@type"":""ListItem"",""position"":6,""url"":""https://deals.kinja.com/saturdays-best-deals-moto-g5s-plus-garage-storage-sal-1825262342""},{""@type"":""ListItem"",""position"":7,""url"":""https://splinternews.com/surprise-michael-cohen-apparently-lied-about-a-trip-to-1825264277""},{""@type"":""ListItem"",""position"":8,""url"":""https://io9.gizmodo.com/a-brief-history-of-george-r-r-martins-annoyance-at-lad-1825238387""},{""@type"":""ListItem"",""position"":9,""url"":""https://gizmodo.com/a-notorious-scammer-tricked-twitter-into-thinking-he-wa-1825266647""},{""@type"":""ListItem"",""position"":10,""url"":""https://io9.gizmodo.com/this-pacific-rim-godzilla-crossover-poster-is-a-glimpse-1825262963""},{""@type"":""ListItem"",""position"":11,""url"":""https://gizmodo.com/la-official-is-starting-to-get-fed-up-with-wazes-habit-1825266195""},{""@type"":""ListItem"",""position"":12,""url"":""https://io9.gizmodo.com/art-bell-weird-radio-pioneer-passes-away-at-72-1825265291""},{""@type"":""ListItem"",""position"":13,""url"":""https://deals.kinja.com/snag-this-moto-g5s-smartphone-for-220-today-only-1825262189""},{""@type"":""ListItem"",""position"":14,""url"":""https://gizmodo.com/overrated-human-elon-musk-says-humans-are-underrated-1825264384""},{""@type"":""ListItem"",""position"":15,""url"":""https://gizmodo.com/uber-escapes-with-no-ftc-fines-over-2016-data-breach-it-1825264278""},{""@type"":""ListItem"",""position"":16,""url"":""https://jalopnik.com/there-is-actually-a-car-covered-in-human-hair-1825174838""},{""@type"":""ListItem"",""position"":17,""url"":""https://earther.com/well-great-even-our-beer-has-microplastic-in-it-now-1825239806""},{""@type"":""ListItem"",""position"":18,""url"":""https://io9.gizmodo.com/this-rare-footage-of-the-beauty-and-the-beast-stars-sin-1825241253""},{""@type"":""ListItem"",""position"":19,""url"":""https://deals.kinja.com/listen-to-what-your-car-is-telling-you-with-these-obd2-1825262458""},{""@type"":""ListItem"",""position"":20,""url"":""https://gizmodo.com/someone-convince-me-that-an-iphone-wallet-case-isnt-the-1825247384""}],""headline"":""We come from the future."",""thumbnailUrl"":""https://i.kinja-img.com/gawker-media/image/upload/s--K9wSb8rZ--/fdj3buryz5nuzyf2k620.png""}"
538,http://www.okta.com/,"{""@context"":""http://schema.org"",""@type"":""Organization"",""legalName"":""Okta, Inc."",""url"":""https://www.okta.com/"",""contactPoint"":[{""@type"":""ContactPoint"",""telephone"":""+1 (888) 722-7871"",""contactType"":""Customer Service""},{""@type"":""ContactPoint"",""telephone"":""+1 (800) 588-1656"",""contactType"":""Sales USA""}],""logo"":""https://www.okta.com/sites/all/themes/Okta/images/logo.svg"",""sameAs"":[""https://twitter.com/okta"",""https://www.facebook.com/OktaIdentity/"",""https://www.linkedin.com/company/okta-inc-/"",""https://www.youtube.com/user/OktaInc""]}"
543,http://www.xda-developers.com/,"{""@context"":""https://schema.org"",""@type"":""WebSite"",""@id"":""#website"",""url"":""https://www.xda-developers.com/"",""name"":""xda-developers"",""potentialAction"":{""@type"":""SearchAction"",""target"":""https://www.xda-developers.com/?s={search_term_string}"",""query-input"":""required name=search_term_string""}}"
558,http://www.gamer.com.tw/,"[{""@context"":""http://schema.org"",""@type"":""WebSite"",""name"":""巴哈姆特電玩資訊站"",""url"":""https://www.gamer.com.tw/"",""alternateName"":""巴哈姆特""},{""@context"":""http://schema.org"",""@type"":""Organization"",""url"":""https://www.gamer.com.tw/"",""logo"":""https://i2.bahamut.com.tw/baha_logo5.png""}]"
566,http://www.hurriyet.com.tr/,"{""name"":""Hürriyet Gazetesi"",""url"":""http://www.hurriyet.com.tr"",""logo"":""http://s.hurriyet.com.tr/static/images/hurriyet-logo.svg"",""address"":{""@type"":""PostalAddress"",""addressLocality"":""İstanbul"",""addressRegion"":""TR"",""postalCode"":""34387"",""streetAddress"":""Hürriyet Dünyası, 100.Yıl Mahallesi, Matbaacılar Caddesi No:78 34204 Bağcılar / İstanbul""},""sameAs"":[""http://www.facebook.com/hurriyet"",""https://twitter.com/hurriyet"",""https://plus.google.com/108032181134733305830"",""https://tr.pinterest.com/hurriyet/"",""https://www.instagram.com/hurriyetcomtr/""],""@type"":""Organization"",""@context"":""http://schema.org""}"
566,http://www.hurriyet.com.tr/,"{""name"":""Hürriyet Gazetesi"",""url"":""http://www.hurriyet.com.tr"",""logo"":""http://s.hurriyet.com.tr/static/images/hurriyet-logo.svg"",""address"":{""@type"":""PostalAddress"",""addressLocality"":""İstanbul"",""addressRegion"":""TR"",""postalCode"":""34387"",""streetAddress"":""Hürriyet Dünyası, 100.Yıl Mahallesi, Matbaacılar Caddesi No:78 34204 Bağcılar / İstanbul""},""sameAs"":[""http://www.facebook.com/hurriyet"",""https://twitter.com/hurriyet"",""https://plus.google.com/108032181134733305830"",""https://tr.pinterest.com/hurriyet/"",""https://www.instagram.com/hurriyetcomtr/""],""@type"":""Organization"",""@context"":""http://schema.org""}"
610,http://www.inquirer.net/,"{""@context"":""http://schema.org"",""@type"":""WebSite"",""@id"":""#website"",""url"":""http://www.inquirer.net/"",""name"":""INQUIRER.net"",""alternateName"":""Inquirer.net"",""potentialAction"":{""@type"":""SearchAction"",""target"":""http://www.inquirer.net/?s={search_term_string}"",""query-input"":""required name=search_term_string""}}"
628,http://www.squarespace.com/,"{""url"":""https://www.squarespace.com"",""name"":""Squarespace"",""description"":"""",""@context"":""http://schema.org"",""@type"":""WebSite""}"
628,http://www.squarespace.com/,"{""url"":""https://www.squarespace.com"",""name"":""Squarespace"",""description"":"""",""@context"":""http://schema.org"",""@type"":""WebSite""}"
630,http://www.souq.com/,"{""@context"":""http://schema.org"",""@type"":""WebSite"",""url"":""https://uae.souq.com/ae-en"",""name"":""Souq.com"",""alternateName"":""SOUQ"",""potentialAction"":{""@type"":""SearchAction"",""target"":""https://uae.souq.com/ae-en/search_results.php?q={search_term_string}"",""query-Input"":""required name=search_term_string""}}"
636,http://www.lifehacker.com/,"{""@context"":""http://schema.org"",""@type"":""ItemList"",""url"":""https://lifehacker.com"",""itemListElement"":[{""@type"":""ListItem"",""position"":1,""url"":""https://lifehacker.com/now-you-can-ask-alexa-when-a-flight-lands-1825269071""},{""@type"":""ListItem"",""position"":2,""url"":""https://deals.kinja.com/saturdays-best-deals-moto-g5s-plus-garage-storage-sal-1825262342""},{""@type"":""ListItem"",""position"":3,""url"":""https://deals.kinja.com/finally-organize-your-garage-with-this-one-day-home-dep-1825263346""},{""@type"":""ListItem"",""position"":4,""url"":""https://lifehacker.com/stream-live-sports-for-5-a-month-with-espns-new-app-1825264174""},{""@type"":""ListItem"",""position"":5,""url"":""https://lifehacker.com/how-to-get-google-flights-classic-interface-back-1825250612""},{""@type"":""ListItem"",""position"":6,""url"":""https://lifehacker.com/the-best-travel-destinations-according-to-tripadvisor-1825240108""},{""@type"":""ListItem"",""position"":7,""url"":""https://vitals.lifehacker.com/find-safer-cleaning-products-with-these-ratings-1825252002""},{""@type"":""ListItem"",""position"":8,""url"":""https://thetakeout.com/homemade-chicken-stock-separates-great-home-cooks-from-1825194601""},{""@type"":""ListItem"",""position"":9,""url"":""https://twocents.lifehacker.com/how-your-spouses-student-loans-affect-you-1825223280""},{""@type"":""ListItem"",""position"":10,""url"":""https://deals.kinja.com/velocifire-trimmed-the-fat-and-cut-the-wires-on-this-3-1825239365""},{""@type"":""ListItem"",""position"":11,""url"":""https://offspring.lifehacker.com/how-to-get-the-most-out-of-college-visits-with-your-kid-1825248470""},{""@type"":""ListItem"",""position"":12,""url"":""https://lifehacker.com/how-to-keep-windows-10-organized-pretty-and-productiv-1825213309""},{""@type"":""ListItem"",""position"":13,""url"":""https://skillet.lifehacker.com/3-ingredient-happy-hour-a-swingin-carthusian-cooler-1824196318""},{""@type"":""ListItem"",""position"":14,""url"":""https://lifehacker.com/stop-paying-to-get-rid-of-your-spare-change-1825239527""},{""@type"":""ListItem"",""position"":15,""url"":""https://deals.kinja.com/make-your-own-jerky-tea-and-veggie-chips-with-this-di-1821962123""},{""@type"":""ListItem"",""position"":16,""url"":""https://vitals.lifehacker.com/you-could-prevent-peanut-allergies-with-a-99-cent-snack-1825245182""},{""@type"":""ListItem"",""position"":17,""url"":""https://lifehacker.com/what-to-do-if-your-smartphones-voice-call-quality-sucks-1825240534""},{""@type"":""ListItem"",""position"":18,""url"":""https://lifehacker.com/these-1923-copyrighted-works-enter-the-public-domain-in-1825241296""},{""@type"":""ListItem"",""position"":19,""url"":""https://jalopnik.com/heres-everything-you-ever-needed-to-know-about-speed-li-1825175378""},{""@type"":""ListItem"",""position"":20,""url"":""https://lifehacker.com/nows-the-time-to-consolidate-your-home-emergency-kit-1825238093""}],""headline"":""Tips, tricks and downloads for getting things done"",""thumbnailUrl"":""https://i.kinja-img.com/gawker-media/image/upload/s--4laPPc_k--/u0939doeuioaqhspkjyc.png""}"
639,http://www.cnbc.com/,"{""@context"":""https://schema.org"",""@type"":""WebPage"",""url"":""https://www.cnbc.com/us-homepage/"",""keywords"":[""US Homepage"",""CNBC Global""]}"
686,http://www.exoclick.com/,"{""@context"":""http://schema.org"",""@type"":""WebSite"",""@id"":""#website"",""url"":""https://www.exoclick.com/"",""name"":""ExoClick"",""potentialAction"":{""@type"":""SearchAction"",""target"":""https://www.exoclick.com/?s={search_term_string}"",""query-input"":""required name=search_term_string""}}"
687,http://www.scribol.com/,"{""@context"":""https://schema.org"",""@type"":""WebSite"",""@id"":""#website"",""url"":""http://scribol.com/"",""name"":""Scribol.com"",""potentialAction"":{""@type"":""SearchAction"",""target"":""http://scribol.com/?s={search_term_string}"",""query-input"":""required name=search_term_string""}}"
704,http://www.lefigaro.fr/,
704,http://www.lefigaro.fr/,"[{""@context"":""http://schema.org"",""@type"":""website"",""url"":""http://www.lefigaro.fr/"",""potentialAction"":{""@type"":""SearchAction"",""target"":""http://recherche.lefigaro.fr/recherche/{search_term_string}"",""query-input"":""required name=search_term_string""}},{""@context"":""http://schema.org"",""@type"":""WebPage"",""name"":""Le Figaro - Actualité en direct et informations en continu"",""description"":""A la Une : Retrouvez toute l'actualité en France, à l'international, l'actualité économique et politique avec Le Figaro"",""breadcrumb"":{""@context"":""http://schema.org"",""@type"":""BreadcrumbList"",""itemListElement"":[{""@type"":""ListItem"",""position"":1,""item"":{""@id"":""http://www.lefigaro.fr/"",""name"":""Home""}},{""@type"":""ListItem"",""position"":2,""item"":{""@id"":""http://www.lefigaro.fr/"",""name"":""Actualités""}}]}},{""@context"":""http://schema.org"",""@type"":""ItemList"",""itemListElement"":[{""@type"":""ListItem"",""position"":1,""item"":{""@id"":""http://www.lefigaro.fr/international/2018/04/19/01003-20180419ARTFIG00186-merkel-et-macron-tentent-de-ranimer-la-magie-franco-allemande.php"",""name"":""Merkel et Macron tentent de ranimer la magie franco-allemande"",""image"":{""type"":""ImageObject"",""url"":""http://i.f1g.fr/media/figaro/orig/2018/04/19/XVM075f25aa-43e2-11e8-ad7a-1b7da48f683b.jpg""},""url"":""http://www.lefigaro.fr/international/2018/04/19/01003-20180419ARTFIG00186-merkel-et-macron-tentent-de-ranimer-la-magie-franco-allemande.php""}},{""@type"":""ListItem"",""position"":2,""item"":{""@id"":""http://www.lefigaro.fr/impots/2018/04/19/05003-20180419ARTFIG00158-comment-reduire-le-nouvel-ifi-l-impot-sur-la-fortune-immobiliere.php"",""name"":""Comment réduire le nouvel IFI, l'impôt sur la fortune immobilière"",""image"":{""type"":""ImageObject"",""url"":""http://i.f1g.fr/media/figaro/orig/2018/04/19/XVMbb04aeda-43c0-11e8-a18d-c12fdf4e8e03.jpg""},""url"":""http://www.lefigaro.fr/impots/2018/04/19/05003-20180419ARTFIG00158-comment-reduire-le-nouvel-ifi-l-impot-sur-la-fortune-immobiliere.php""}},{""@type"":""ListItem"",""position"":3,""item"":{""@id"":""http://www.lefigaro.fr/international/2018/04/19/01003-20180419ARTFIG00198-tuerie-du-musee-juif-de-bruxelles-mehdi-nemmouche-renvoye-aux-assises.php"",""name"":""Tuerie du musée juif de Bruxelles : Mehdi Nemmouche renvoyé aux assises"",""image"":{""type"":""ImageObject"",""url"":""http://i.f1g.fr/media/figaro/orig/2018/04/19/XVMf22d9e4a-43d3-11e8-a18d-c12fdf4e8e03.jpg""},""url"":""http://www.lefigaro.fr/international/2018/04/19/01003-20180419ARTFIG00198-tuerie-du-musee-juif-de-bruxelles-mehdi-nemmouche-renvoye-aux-assises.php""}},{""@type"":""ListItem"",""position"":4,""item"":{""@id"":""http://www.lefigaro.fr/social/2018/04/19/20011-20180419ARTFIG00301-la-journee-interprofessionnelle-de-la-cgt-fait-un-flop.php"",""name"":""La journée interprofessionnelle de la CGT fait un flop"",""image"":{""type"":""ImageObject"",""url"":""http://i.f1g.fr/media/figaro/orig/2018/04/19/XVM429812b0-43f8-11e8-a18d-c12fdf4e8e03.jpg""},""url"":""http://www.lefigaro.fr/social/2018/04/19/20011-20180419ARTFIG00301-la-journee-interprofessionnelle-de-la-cgt-fait-un-flop.php""}},{""@type"":""ListItem"",""position"":5,""item"":{""@id"":""http://www.lefigaro.fr/social/2018/04/19/20011-20180419ARTFIG00224-sncf-le-dialogue-est-rompu-entre-la-ministre-des-transports-et-les-cheminots.php"",""name"":""SNCF: le dialogue est rompu entre la ministre des Transports et les cheminots"",""image"":{""type"":""ImageObject"",""url"":""http://i.f1g.fr/media/figaro/orig/2018/04/19/XVM457d1eae-43de-11e8-ad7a-1b7da48f683b.jpg""},""url"":""http://www.lefigaro.fr/social/2018/04/19/20011-20180419ARTFIG00224-sncf-le-dialogue-est-rompu-entre-la-ministre-des-transports-et-les-cheminots.php""}},{""@type"":""ListItem"",""position"":6,""item"":{""@id"":""http://www.lefigaro.fr/social/2018/04/18/20011-20180418ARTFIG00344-greves-isolee-la-cgt-choisit-la-fuite-en-avant.php"",""name"":""Grèves : isolée, la CGT choisit la fuite en avant"",""image"":{""type"":""ImageObject"",""url"":""http://i.f1g.fr/media/figaro/orig/2018/04/18/XVMd1ceabce-4303-11e8-a18d-c12fdf4e8e03.jpg""},""url"":""http://www.lefigaro.fr/social/2018/04/18/20011-20180418ARTFIG00344-greves-isolee-la-cgt-choisit-la-fuite-en-avant.php""}},{""@type"":""ListItem"",""position"":7,""item"":{""@id"":""http://www.lefigaro.fr/conjoncture/2018/04/19/20002-20180419ARTFIG00212-greve-a-la-sncf-pourquoi-la-mobilisation-des-cheminots-s-essouffle.php"",""name"":""Grève à la SNCF : pourquoi la mobilisation des cheminots s'essouffle"",""image"":{""type"":""ImageObject"",""url"":null},""url"":""http://www.lefigaro.fr/conjoncture/2018/04/19/20002-20180419ARTFIG00212-greve-a-la-sncf-pourquoi-la-mobilisation-des-cheminots-s-essouffle.php""}},{""@type"":""ListItem"",""position"":8,""item"":{""@id"":""http://www.lefigaro.fr/societes/2018/03/15/20005-20180315ARTFIG00384-statut-du-cheminot-un-cadre-social-privilegie-que-la-reforme-va-supprimer.php"",""name"":""Salaire, primes, retraite... ce qu'offre vraiment le statut de cheminot"",""image"":{""type"":""ImageObject"",""url"":""http://i.f1g.fr/media/figaro/orig/2018/03/15/XVMa3d8b224-285e-11e8-9778-e43ec7d4ebb3.jpg""},""url"":""http://www.lefigaro.fr/societes/2018/03/15/20005-20180315ARTFIG00384-statut-du-cheminot-un-cadre-social-privilegie-que-la-reforme-va-supprimer.php""}},{""@type"":""ListItem"",""position"":9,""item"":{""@id"":""http://www.lefigaro.fr/conjoncture/2018/04/13/20002-20180413ARTFIG00014-greves-dans-les-transports-les-entreprises-tirent-la-sonnette-d-alarme.php"",""name"":""Grèves dans les transports : les entreprises tirent la sonnette d'alarme"",""image"":{""type"":""ImageObject"",""url"":null},""url"":""http://www.lefigaro.fr/conjoncture/2018/04/13/20002-20180413ARTFIG00014-greves-dans-les-transports-les-entreprises-tirent-la-sonnette-d-alarme.php""}},{""@type"":""ListItem"",""position"":10,""item"":{""@id"":""http://www.lefigaro.fr/social/2018/04/19/20011-20180419ARTFIG00241-ils-pensaient-leurs-noces-de-diamant-menacees-par-la-greve-la-sncf-les-rassure.php"",""name"":""Ils pensaient leurs noces de diamant menacées par la grève, la SNCF les rassure"",""image"":{""type"":""ImageObject"",""url"":""http://i.f1g.fr/media/figaro/orig/2018/04/19/XVMe188f834-43e5-11e8-ad7a-1b7da48f683b.jpg""},""url"":""http://www.lefigaro.fr/social/2018/04/19/20011-20180419ARTFIG00241-ils-pensaient-leurs-noces-de-diamant-menacees-par-la-greve-la-sncf-les-rassure.php""}},{""@type"":""ListItem"",""position"":11,""item"":{""@id"":""http://www.lefigaro.fr/politique/2018/04/19/01002-20180419ARTFIG00269-alliance-avec-le-fn-comment-les-digues-se-craquellent-au-niveau-local.php"",""name"":""Alliance avec le FN : comment les digues se craquellent au niveau local"",""image"":{""type"":""ImageObject"",""url"":""http://i.f1g.fr/media/figaro/orig/2018/04/19/XVM720f52b6-43e8-11e8-a18d-c12fdf4e8e03.jpg""},""url"":""http://www.lefigaro.fr/politique/2018/04/19/01002-20180419ARTFIG00269-alliance-avec-le-fn-comment-les-digues-se-craquellent-au-niveau-local.php""}},{""@type"":""ListItem"",""position"":12,""item"":{""@id"":""http://www.lefigaro.fr/politique/2018/04/19/01002-20180419QCMWWW00099-etes-vous-favorable-a-une-alliance-entre-la-droite-classique-et-le-front-national.php"",""name"":""Etes-vous favorable à une alliance entre la droite classique et le Front National ? "",""image"":{""type"":""ImageObject"",""url"":null},""url"":""http://www.lefigaro.fr/politique/2018/04/19/01002-20180419QCMWWW00099-etes-vous-favorable-a-une-alliance-entre-la-droite-classique-et-le-front-national.php""}},{""@type"":""ListItem"",""position"":13,""item"":{""@id"":""http://www.lefigaro.fr/actualite-france/2018/04/19/01016-20180419ARTFIG00242-tariq-ramadan-reconnait-avoir-eu-une-relation-avec-l-une-des-plaignantes.php"",""name"":""Tariq Ramadan reconnaît avoir eu une relation avec l'une des plaignantes"",""image"":{""type"":""ImageObject"",""url"":""http://i.f1g.fr/media/figaro/orig/2018/04/19/XVM88817ede-43e3-11e8-a18d-c12fdf4e8e03.jpg""},""url"":""http://www.lefigaro.fr/actualite-france/2018/04/19/01016-20180419ARTFIG00242-tariq-ramadan-reconnait-avoir-eu-une-relation-avec-l-une-des-plaignantes.php""}},{""@type"":""ListItem"",""position"":14,""item"":{""@id"":""http://www.lefigaro.fr/flash-actu/2018/04/19/97001-20180419FILWWW00190-cuba-miguel-diaz-canel-elu-successeur-de-raul-castro.php"",""name"":""Cuba : le nouveau président Diaz-Canel s'engage à «poursuivre la révolution»"",""image"":{""type"":""ImageObject"",""url"":null},""url"":""http://www.lefigaro.fr/flash-actu/2018/04/19/97001-20180419FILWWW00190-cuba-miguel-diaz-canel-elu-successeur-de-raul-castro.php""}},{""@type"":""ListItem"",""position"":15,""item"":{""@id"":""http://www.lefigaro.fr/international/2018/04/17/01003-20180417ARTFIG00309-cuba-miguel-diaz-canel-favori-pour-la-presidence.php"",""name"":""Cuba : Miguel Diaz-Canel, fidèle du régime, désigné pour succéder à Raul Castro"",""image"":{""type"":""ImageObject"",""url"":""http://i.f1g.fr/media/figaro/orig/2018/04/17/XVM85d9f0f6-4232-11e8-a18c-14c960e64307.jpg""},""url"":""http://www.lefigaro.fr/international/2018/04/17/01003-20180417ARTFIG00309-cuba-miguel-diaz-canel-favori-pour-la-presidence.php""}},{""@type"":""ListItem"",""position"":16,""item"":{""@id"":""http://www.lefigaro.fr/international/2018/04/19/01003-20180419ARTFIG00022-il-y-a-25-ans-a-waco-au-texas-les-davidiens-preferaient-la-mort-a-la-reddition.php"",""name"":""Il y a 25 ans, à Waco, au Texas, les Davidiens préféraient la mort à la reddition"",""image"":{""type"":""ImageObject"",""url"":""http://i.f1g.fr/media/figaro/orig/2018/04/19/XVMfa4fce3e-433a-11e8-a18c-14c960e64307.jpg""},""url"":""http://www.lefigaro.fr/international/2018/04/19/01003-20180419ARTFIG00022-il-y-a-25-ans-a-waco-au-texas-les-davidiens-preferaient-la-mort-a-la-reddition.php""}},{""@type"":""ListItem"",""position"":17,""item"":{""@id"":""http://video.lefigaro.fr/figaro/video/12-citations-de-pierre-desproges-qui-ne-passeraient-(peut-etre)-plus-aujourd-hui/5771966134001/"",""name"":""12 citations de Pierre Desproges qui ne passeraient (peut-être) plus aujourd'hui"",""image"":{""type"":""ImageObject"",""url"":""http://i.f1g.fr/media/ext/orig/lefigaro.brightcove.com.edgesuite.net/pd/610043537001/201804/3986/610043537001_5771977949001_5771966134001-vs.jpg?pubId=610043537001&amp;videoId=5771966134001""},""url"":""http://video.lefigaro.fr/figaro/video/12-citations-de-pierre-desproges-qui-ne-passeraient-(peut-etre)-plus-aujourd-hui/5771966134001/""}},{""@type"":""ListItem"",""position"":18,""item"":{""@id"":""http://video.lefigaro.fr/figaro/video/hulot-appelle-les-zadistes-a-saisir-la-main-du-gouvernement/5772718661001/"",""name"":""Hulot appelle les zadistes à saisir «la main du gouvernement»"",""image"":{""type"":""ImageObject"",""url"":""http://i.f1g.fr/media/ext/orig/lefigaro.brightcove.com.edgesuite.net/pd/610043537001/201804/1399/610043537001_5772724775001_5772718661001-vs.jpg?pubId=610043537001&amp;videoId=5772718661001""},""url"":""http://video.lefigaro.fr/figaro/video/hulot-appelle-les-zadistes-a-saisir-la-main-du-gouvernement/5772718661001/""}},{""@type"":""ListItem"",""position"":19,""item"":{""@id"":""http://video.lefigaro.fr/figaro/video/points-de-vue-du-18-avril-immigration-nddl-ceta-desproges/5772611659001/"",""name"":""Points de vue du 18 avril : immigration, NDDL, Ceta, Desproges"",""image"":{""type"":""ImageObject"",""url"":""http://i.f1g.fr/media/ext/orig/lefigaro.brightcove.com.edgesuite.net/pd/610043537001/201804/3385/610043537001_5772690052001_5772611659001-vs.jpg?pubId=610043537001&amp;videoId=5772611659001""},""url"":""http://video.lefigaro.fr/figaro/video/points-de-vue-du-18-avril-immigration-nddl-ceta-desproges/5772611659001/""}},{""@type"":""ListItem"",""position"":20,""item"":{""@id"":""http://www.lefigaro.fr/conjoncture/2018/04/19/20002-20180419ARTFIG00257-le-petrole-proche-de-75dollars-au-plus-haut-depuis-2014.php"",""name"":""Pourquoi les cours du pétrole repartent à la hausse"",""image"":{""type"":""ImageObject"",""url"":""http://i.f1g.fr/media/figaro/orig/2018/04/19/XVMb7566634-43d4-11e8-a18c-14c960e64307.jpg""},""url"":""http://www.lefigaro.fr/conjoncture/2018/04/19/20002-20180419ARTFIG00257-le-petrole-proche-de-75dollars-au-plus-haut-depuis-2014.php""}},{""@type"":""ListItem"",""position"":21,""item"":{""@id"":""http://www.lefigaro.fr/conso/2018/04/19/20010-20180419ARTFIG00050-six-entreprises-d-e-commerce-lance-un-black-friday-de-printemps.php"",""name"":""Six entreprises d'e-commerce lancent un Black Friday de printemps"",""image"":{""type"":""ImageObject"",""url"":""http://i.f1g.fr/media/figaro/orig/2018/04/19/XVM2e5ef46c-438f-11e8-a18d-c12fdf4e8e03.jpg""},""url"":""http://www.lefigaro.fr/conso/2018/04/19/20010-20180419ARTFIG00050-six-entreprises-d-e-commerce-lance-un-black-friday-de-printemps.php""}},{""@type"":""ListItem"",""position"":22,""item"":{""@id"":""http://www.lefigaro.fr/flash-actu/2018/04/19/97001-20180419FILWWW00082-un-bebe-meurt-d-une-gastro-les-parents-portent-plainte.php"",""name"":""Un bébé meurt d'une gastro-entérite, les parents portent plainte"",""image"":{""type"":""ImageObject"",""url"":null},""url"":""http://www.lefigaro.fr/flash-actu/2018/04/19/97001-20180419FILWWW00082-un-bebe-meurt-d-une-gastro-les-parents-portent-plainte.php""}},{""@type"":""ListItem"",""position"":23,""item"":{""@id"":""http://www.lefigaro.fr/international/2018/04/19/01003-20180419ARTFIG00221-le-dr-asperger-a-activement-coopere-avec-les-nazis-selon-une-etude.php"",""name"":""Le Dr Asperger a «activement coopéré» avec les nazis, selon une étude"",""image"":{""type"":""ImageObject"",""url"":null},""url"":""http://www.lefigaro.fr/international/2018/04/19/01003-20180419ARTFIG00221-le-dr-asperger-a-activement-coopere-avec-les-nazis-selon-une-etude.php""}},{""@type"":""ListItem"",""position"":24,""item"":{""@id"":""http://www.lefigaro.fr/actualite-france/2018/04/19/01016-20180419ARTFIG00294-universites-les-anti-bloqueurs-se-rebiffent.php"",""name"":""Universités : les anti-bloqueurs se rebiffent"",""image"":{""type"":""ImageObject"",""url"":""http://i.f1g.fr/media/figaro/orig/2018/04/19/XVM28b4a55c-43e9-11e8-a18d-c12fdf4e8e03.jpg""},""url"":""http://www.lefigaro.fr/actualite-france/2018/04/19/01016-20180419ARTFIG00294-universites-les-anti-bloqueurs-se-rebiffent.php""}},{""@type"":""ListItem"",""position"":25,""item"":{""@id"":""http://etudiant.lefigaro.fr/article/le-directeur-de-sciences-po-va-organiser-une-consultation-en-ligne-sur-le-blocage_e8e36f1c-43b6-11e8-a18d-c12fdf4e8e03/"",""name"":""Sciences Po : le directeur obtient le déblocage du bâtiment"",""image"":{""type"":""ImageObject"",""url"":""http://i.f1g.fr/media/eidos/orig/2018/04/19/XVM59e16b82-43bd-11e8-a18d-c12fdf4e8e03.jpg""},""url"":""http://etudiant.lefigaro.fr/article/le-directeur-de-sciences-po-va-organiser-une-consultation-en-ligne-sur-le-blocage_e8e36f1c-43b6-11e8-a18d-c12fdf4e8e03/""}},{""@type"":""ListItem"",""position"":26,""item"":{""@id"":""http://www.lefigaro.fr/vox/societe/2018/04/19/31003-20180419ARTFIG00114-sciences-po-bloque-le-coup-de-gueule-des-etudiants-contre-la-zad-de-saint-germain-des-pres.php"",""name"":""Sciences Po bloqué : le coup de gueule des étudiants contre «la ZAD de Saint-Germain-des-Prés»"",""image"":{""type"":""ImageObject"",""url"":""http://i.f1g.fr/media/figaro/orig/2018/04/19/XVM0f0ee668-43ca-11e8-ad7a-1b7da48f683b.jpg""},""url"":""http://www.lefigaro.fr/vox/societe/2018/04/19/31003-20180419ARTFIG00114-sciences-po-bloque-le-coup-de-gueule-des-etudiants-contre-la-zad-de-saint-germain-des-pres.php""}},{""@type"":""ListItem"",""position"":27,""item"":{""@id"":""http://etudiant.lefigaro.fr/article/quels-sont-les-campus-universitaires-bloques-ce-jeudi-_d4bda9e8-38a9-11e8-85ee-f92b22a66fc4/"",""name"":""La carte des établissements universitaires bloqués"",""image"":{""type"":""ImageObject"",""url"":null},""url"":""http://etudiant.lefigaro.fr/article/quels-sont-les-campus-universitaires-bloques-ce-jeudi-_d4bda9e8-38a9-11e8-85ee-f92b22a66fc4/""}},{""@type"":""ListItem"",""position"":28,""item"":{""@id"":""http://www.lefigaro.fr/vox/societe/2018/04/18/31003-20180418ARTFIG00261-l-appel-de-70-medecins-il-est-manifeste-que-vincent-lambert-n-est-pas-en-fin-de-vie.php"",""name"":""L'appel de 70 médecins : «Il est manifeste que Vincent Lambert n'est pas en fin de vie»"",""image"":{""type"":""ImageObject"",""url"":""http://i.f1g.fr/media/figaro/orig/2018/04/18/XVM07f64346-4319-11e8-ad7a-1b7da48f683b.jpg""},""url"":""http://www.lefigaro.fr/vox/societe/2018/04/18/31003-20180418ARTFIG00261-l-appel-de-70-medecins-il-est-manifeste-que-vincent-lambert-n-est-pas-en-fin-de-vie.php""}},{""@type"":""ListItem"",""position"":29,""item"":{""@id"":""http://www.lefigaro.fr/politique/le-scan/2018/04/19/25001-20180419ARTFIG00243-un-proche-de-melenchon-renonce-a-participer-a-un-colloque-controverse-sur-la-russie.php"",""name"":""Un proche de Mélenchon renonce à participer à un colloque controversé sur la Russie"",""image"":{""type"":""ImageObject"",""url"":""http://i.f1g.fr/media/figaro/orig/2018/04/19/XVM1fe5be76-43e8-11e8-a18d-c12fdf4e8e03.jpg""},""url"":""http://www.lefigaro.fr/politique/le-scan/2018/04/19/25001-20180419ARTFIG00243-un-proche-de-melenchon-renonce-a-participer-a-un-colloque-controverse-sur-la-russie.php""}},{""@type"":""ListItem"",""position"":30,""item"":{""@id"":""http://www.lefigaro.fr/politique/le-scan/2018/04/19/25001-20180419ARTFIG00226-loi-asile-immigration-les-debats-a-l-assemblee-vont-deborder-sur-le-week-end.php"",""name"":""Loi asile-immigration : les débats à l'Assemblée vont déborder sur le week-end"",""image"":{""type"":""ImageObject"",""url"":""http://i.f1g.fr/media/figaro/orig/2018/04/19/XVMb79002e2-43e1-11e8-a18d-c12fdf4e8e03.jpg""},""url"":""http://www.lefigaro.fr/politique/le-scan/2018/04/19/25001-20180419ARTFIG00226-loi-asile-immigration-les-debats-a-l-assemblee-vont-deborder-sur-le-week-end.php""}},{""@type"":""ListItem"",""position"":31,""item"":{""@id"":""http://www.lefigaro.fr/vox/societe/2018/04/18/31003-20180418ARTFIG00296-niveau-catastrophique-et-bureaucratie-pourquoi-j-ai-fui-l-universite-francaise.php"",""name"":""«Niveau catastrophique et bureaucratie : pourquoi j'ai fui l'université française»"",""image"":{""type"":""ImageObject"",""url"":""http://i.f1g.fr/media/figaro/orig/2018/04/18/XVMddc4ed96-4324-11e8-ad7a-1b7da48f683b.jpg""},""url"":""http://www.lefigaro.fr/vox/societe/2018/04/18/31003-20180418ARTFIG00296-niveau-catastrophique-et-bureaucratie-pourquoi-j-ai-fui-l-universite-francaise.php""}},{""@type"":""ListItem"",""position"":32,""item"":{""@id"":""http://www.lefigaro.fr/actualite-france/2018/04/19/01016-20180419ARTFIG00187-serie-de-deces-a-la-prison-de-fleury-merogis.php"",""name"":""Série de décès à la prison de Fleury-Mérogis"",""image"":{""type"":""ImageObject"",""url"":""http://i.f1g.fr/media/figaro/orig/2018/04/19/XVMb9027cea-43be-11e8-a18d-c12fdf4e8e03.jpg""},""url"":""http://www.lefigaro.fr/actualite-france/2018/04/19/01016-20180419ARTFIG00187-serie-de-deces-a-la-prison-de-fleury-merogis.php""}},{""@type"":""ListItem"",""position"":33,""item"":{""@id"":""http://www.lefigaro.fr/placement/2018/04/19/05006-20180419ARTFIG00287-un-plancher-de-05-pour-le-livret-a.php"",""name"":""Un plancher de 0,5 % pour le livret A"",""image"":{""type"":""ImageObject"",""url"":""http://i.f1g.fr/media/figaro/orig/2018/04/19/XVMfa2ff3f6-43f4-11e8-a18d-c12fdf4e8e03.jpg""},""url"":""http://www.lefigaro.fr/placement/2018/04/19/05006-20180419ARTFIG00287-un-plancher-de-05-pour-le-livret-a.php""}},{""@type"":""ListItem"",""position"":34,""item"":{""@id"":""http://www.lefigaro.fr/actualite-france/2018/04/18/01016-20180418ARTFIG00275-notre-dame-des-landes-les-zadistes-decus-de-la-reunion-avec-nicolas-hulot.php"",""name"":""NDDL : la préfète annonce une «ultime» rencontre avec les zadistes vendredi"",""image"":{""type"":""ImageObject"",""url"":""http://i.f1g.fr/media/figaro/orig/2018/04/18/XVM794bfd68-43a7-11e8-a18d-c12fdf4e8e03.jpg""},""url"":""http://www.lefigaro.fr/actualite-france/2018/04/18/01016-20180418ARTFIG00275-notre-dame-des-landes-les-zadistes-decus-de-la-reunion-avec-nicolas-hulot.php""}},{""@type"":""ListItem"",""position"":35,""item"":{""@id"":""http://www.lefigaro.fr/actualite-france/2018/04/17/01016-20180417ARTFIG00245-notre-dame-des-landes-les-riverains-excedes-par-l-afflux-de-zadistes.php"",""name"":""Notre-Dame-des-Landes : les riverains excédés par l'afflux de zadistes"",""image"":{""type"":""ImageObject"",""url"":""http://i.f1g.fr/media/figaro/orig/2018/04/17/XVMc2e51916-4256-11e8-ad7a-1b7da48f683b.jpg""},""url"":""http://www.lefigaro.fr/actualite-france/2018/04/17/01016-20180417ARTFIG00245-notre-dame-des-landes-les-riverains-excedes-par-l-afflux-de-zadistes.php""}},{""@type"":""ListItem"",""position"":36,""item"":{""@id"":""http://www.lefigaro.fr/culture/2018/04/19/03004-20180419ARTFIG00240-affaire-hallydayen-une-de-paris-match-et-de-gala-laura-smet-s-indigne-contre-ce-cirque.php"",""name"":""Affaire Hallyday : en une de Paris Match et de Gala, Laura Smet s'indigne contre ce «cirque»"",""image"":{""type"":""ImageObject"",""url"":""http://i.f1g.fr/media/figaro/orig/2018/04/19/XVM1f6980ca-43ef-11e8-ad7a-1b7da48f683b.jpg""},""url"":""http://www.lefigaro.fr/culture/2018/04/19/03004-20180419ARTFIG00240-affaire-hallydayen-une-de-paris-match-et-de-gala-laura-smet-s-indigne-contre-ce-cirque.php""}},{""@type"":""ListItem"",""position"":37,""item"":{""@id"":""http://madame.lefigaro.fr/societe/olivia-gregoire-la-nouvelle-compagne-de-manuel-valls-couple-politique-photos-190418-148306"",""name"":""Olivia Grégoire, la nouvelle compagne de Manuel Valls"",""image"":{""type"":""ImageObject"",""url"":""http://i.f1g.fr/media/madame/orig/sites/default/files/img/2018/04/olivia-gregoire-compagne-valls.jpg""},""url"":""http://madame.lefigaro.fr/societe/olivia-gregoire-la-nouvelle-compagne-de-manuel-valls-couple-politique-photos-190418-148306""}},{""@type"":""ListItem"",""position"":38,""item"":{""@id"":""http://www.lefigaro.fr/sciences/2018/04/18/01008-20180418ARTFIG00356-la-traque-musclee-contre-les-braconniers-de-bebes-anguilles.php"",""name"":""La traque musclée contre les braconniers de bébés anguilles"",""image"":{""type"":""ImageObject"",""url"":""http://i.f1g.fr/media/figaro/orig/2018/04/18/XVMb4595906-4306-11e8-a18d-c12fdf4e8e03.jpg""},""url"":""http://www.lefigaro.fr/sciences/2018/04/18/01008-20180418ARTFIG00356-la-traque-musclee-contre-les-braconniers-de-bebes-anguilles.php""}},{""@type"":""ListItem"",""position"":39,""item"":{""@id"":""http://www.lefigaro.fr/conjoncture/2018/04/19/20002-20180419ARTFIG00095-la-consultation-chez-le-psychologue-bientot-remboursee-dans-quatre-departements.php"",""name"":""La consultation chez le psychologue bientôt remboursée dans quatre départements"",""image"":{""type"":""ImageObject"",""url"":null},""url"":""http://www.lefigaro.fr/conjoncture/2018/04/19/20002-20180419ARTFIG00095-la-consultation-chez-le-psychologue-bientot-remboursee-dans-quatre-departements.php""}},{""@type"":""ListItem"",""position"":40,""item"":{""@id"":""http://sante.lefigaro.fr/article/maladies-cardiovasculaires-un-mystere-perce-a-jour/"",""name"":""Maladies cardiovasculaires : un mystère percé à jour"",""image"":{""type"":""ImageObject"",""url"":""http://i.f1g.fr/media/eidos/orig/2018/04/19/XVM220c1a42-43de-11e8-a18c-14c960e64307.jpg""},""url"":""http://sante.lefigaro.fr/article/maladies-cardiovasculaires-un-mystere-perce-a-jour/""}},{""@type"":""ListItem"",""position"":41,""item"":{""@id"":""http://www.lefigaro.fr/cinema/2018/04/19/03002-20180419ARTFIG00219-abba-de-retour-en-concert-en-mondovision-et-en-hologrammes.php"",""name"":""Abba de retour en concert, en mondovision et en hologrammes"",""image"":{""type"":""ImageObject"",""url"":""http://i.f1g.fr/media/figaro/orig/2018/04/19/XVM0eed2c8c-43dc-11e8-a18d-c12fdf4e8e03.jpg""},""url"":""http://www.lefigaro.fr/cinema/2018/04/19/03002-20180419ARTFIG00219-abba-de-retour-en-concert-en-mondovision-et-en-hologrammes.php""}},{""@type"":""ListItem"",""position"":42,""item"":{""@id"":""http://www.lefigaro.fr/politique/le-scan/2018/04/19/25001-20180419ARTFIG00055-seance-houleuse-a-l-assemblee-jacqueline-gourault-s-accroche-avec-christian-jacob.php"",""name"":""Séance houleuse à l'Assemblée : Jacqueline Gourault s'accroche avec Christian Jacob"",""image"":{""type"":""ImageObject"",""url"":""http://i.f1g.fr/media/figaro/orig/2018/04/19/XVM61c82f76-4399-11e8-a18d-c12fdf4e8e03.jpg""},""url"":""http://www.lefigaro.fr/politique/le-scan/2018/04/19/25001-20180419ARTFIG00055-seance-houleuse-a-l-assemblee-jacqueline-gourault-s-accroche-avec-christian-jacob.php""}},{""@type"":""ListItem"",""position"":43,""item"":{""@id"":""http://www.lefigaro.fr/flash-actu/2018/04/19/97001-20180419FILWWW00174-mayotte-philippe-devoile-les-contours-du-plan-pour-l-avenir.php"",""name"":""Mayotte : Edouard Philippe dévoile les contours du «plan pour l'avenir»"",""image"":{""type"":""ImageObject"",""url"":null},""url"":""http://www.lefigaro.fr/flash-actu/2018/04/19/97001-20180419FILWWW00174-mayotte-philippe-devoile-les-contours-du-plan-pour-l-avenir.php""}},{""@type"":""ListItem"",""position"":44,""item"":{""@id"":""http://www.lefigaro.fr/vox/religion/2018/04/19/31004-20180419ARTFIG00292-camille-pascal-la-loi-de-1905-n-est-pas-sacree-et-indepassable.php"",""name"":""Camille Pascal : «La loi de 1905 n'est pas sacrée et indépassable»"",""image"":{""type"":""ImageObject"",""url"":""http://i.f1g.fr/media/figaro/orig/2018/04/19/XVM82944a8a-42ec-11e8-a18d-c12fdf4e8e03.jpg""},""url"":""http://www.lefigaro.fr/vox/religion/2018/04/19/31004-20180419ARTFIG00292-camille-pascal-la-loi-de-1905-n-est-pas-sacree-et-indepassable.php""}},{""@type"":""ListItem"",""position"":45,""item"":{""@id"":""http://www.lefigaro.fr/politique/le-scan/2018/04/19/25001-20180419ARTFIG00116-ferrand-nargue-larcher-en-proposant-la-proportionnelle-integrale-pour-le-senat.php"",""name"":""La Macronie menace Larcher en proposant la proportionnelle intégrale pour le Sénat"",""image"":{""type"":""ImageObject"",""url"":""http://i.f1g.fr/media/figaro/orig/2018/04/19/XVM6b4a3ffc-43ae-11e8-a18d-c12fdf4e8e03.jpg""},""url"":""http://www.lefigaro.fr/politique/le-scan/2018/04/19/25001-20180419ARTFIG00116-ferrand-nargue-larcher-en-proposant-la-proportionnelle-integrale-pour-le-senat.php""}},{""@type"":""ListItem"",""position"":46,""item"":{""@id"":""http://www.lefigaro.fr/international/2018/04/19/01003-20180419ARTFIG00091-coree-du-nord-l-epouse-de-kim-jong-un-prend-du-galon.php"",""name"":""Corée du Nord : l'épouse de Kim Jong-un prend du galon"",""image"":{""type"":""ImageObject"",""url"":""http://i.f1g.fr/media/figaro/orig/2018/04/19/XVMfcb62dc8-43ab-11e8-a18c-14c960e64307.jpg""},""url"":""http://www.lefigaro.fr/international/2018/04/19/01003-20180419ARTFIG00091-coree-du-nord-l-epouse-de-kim-jong-un-prend-du-galon.php""}},{""@type"":""ListItem"",""position"":47,""item"":{""@id"":""http://www.lefigaro.fr/flash-eco/2018/04/19/97002-20180419FILWWW00171-air-france-nouvelles-greves-debut-mai.php"",""name"":""Air France : l'intersyndicale appelle à de nouvelles grèves \""début mai\"""",""image"":{""type"":""ImageObject"",""url"":null},""url"":""http://www.lefigaro.fr/flash-eco/2018/04/19/97002-20180419FILWWW00171-air-france-nouvelles-greves-debut-mai.php""}},{""@type"":""ListItem"",""position"":48,""item"":{""@id"":""http://www.lefigaro.fr/medias/2018/04/19/20004-20180419ARTFIG00201-l-hebdomadaire-marianne-s-apprete-a-passer-sous-pavillon-tcheque.php"",""name"":""L'hebdomadaire Marianne pourrait passer sous pavillon tchèque"",""image"":{""type"":""ImageObject"",""url"":null},""url"":""http://www.lefigaro.fr/medias/2018/04/19/20004-20180419ARTFIG00201-l-hebdomadaire-marianne-s-apprete-a-passer-sous-pavillon-tcheque.php""}},{""@type"":""ListItem"",""position"":49,""item"":{""@id"":""http://www.lefigaro.fr/medias/2018/04/19/20004-20180419ARTFIG00107-laurent-guimier-prendrait-la-tete-d-europe-1.php"",""name"":""Laurent Guimier prendrait la tête d'Europe 1"",""image"":{""type"":""ImageObject"",""url"":""http://i.f1g.fr/media/figaro/orig/2018/04/19/XVM1c4fc8bc-4328-11e8-a18c-14c960e64307.jpg""},""url"":""http://www.lefigaro.fr/medias/2018/04/19/20004-20180419ARTFIG00107-laurent-guimier-prendrait-la-tete-d-europe-1.php""}},{""@type"":""ListItem"",""position"":50,""item"":{""@id"":""http://www.lefigaro.fr/actualite-france/2018/04/18/01016-20180418ARTFIG00280-affaire-ghlam-l-eglise-copte-de-villejuif-visee.php"",""name"":""Attentat raté de Villejuif : un acte pas si solitaire"",""image"":{""type"":""ImageObject"",""url"":null},""url"":""http://www.lefigaro.fr/actualite-france/2018/04/18/01016-20180418ARTFIG00280-affaire-ghlam-l-eglise-copte-de-villejuif-visee.php""}},{""@type"":""ListItem"",""position"":51,""item"":{""@id"":""http://sport24.lefigaro.fr/le-scan-sport/2018/04/19/27001-20180419ARTFIG00106-degage-carriere-pathetique-la-plainte-de-ben-arfa-contre-le-psg-enflamme-twitter.php"",""name"":""«Dégage», «carrière pathétique» : la plainte de Ben Arfa contre le PSG enflamme Twitter"",""image"":{""type"":""ImageObject"",""url"":""http://i.f1g.fr/media/figaro/orig/2018/04/19/XVM6d27dc86-43d0-11e8-ad7a-1b7da48f683b.jpg""},""url"":""http://sport24.lefigaro.fr/le-scan-sport/2018/04/19/27001-20180419ARTFIG00106-degage-carriere-pathetique-la-plainte-de-ben-arfa-contre-le-psg-enflamme-twitter.php""}},{""@type"":""ListItem"",""position"":52,""item"":{""@id"":""http://www.lefigaro.fr/le-scan-sport/2018/04/19/27001-20180419ARTFIG00272-renove-l-hippodrome-de-longchamp-veut-attirer-les-parisiens.php"",""name"":""Rénové, l'Hippodrome de Longchamp veut attirer les Parisiens"",""image"":{""type"":""ImageObject"",""url"":""http://i.f1g.fr/media/figaro/orig/2018/04/19/XVMb34bf444-43ea-11e8-ad7a-1b7da48f683b.jpg""},""url"":""http://www.lefigaro.fr/le-scan-sport/2018/04/19/27001-20180419ARTFIG00272-renove-l-hippodrome-de-longchamp-veut-attirer-les-parisiens.php""}},{""@type"":""ListItem"",""position"":53,""item"":{""@id"":""http://www.lefigaro.fr/international/2018/02/13/01003-20180213ARTFIG00226-la-succession-d-elizabeth-ii-a-la-tete-du-commonwealth-se-prepare-discretement.php"",""name"":""Commonwealth : le prince Charles en bonne position pour succéder à Elizabeth II"",""image"":{""type"":""ImageObject"",""url"":""http://i.f1g.fr/media/figaro/orig/2018/02/13/XVMa4dc3922-10c9-11e8-8c8d-d16d3f1b496d.jpg""},""url"":""http://www.lefigaro.fr/international/2018/02/13/01003-20180213ARTFIG00226-la-succession-d-elizabeth-ii-a-la-tete-du-commonwealth-se-prepare-discretement.php""}},{""@type"":""ListItem"",""position"":54,""item"":{""@id"":""http://www.lefigaro.fr/conjoncture/2018/04/19/20002-20180419ARTFIG00003-chine-etats-unis-arabie-saoudite-qui-gagnera-la-guerre-du-petrole.php"",""name"":""Chine, États-Unis, Arabie saoudite : qui gagnera la guerre du pétrole ?"",""image"":{""type"":""ImageObject"",""url"":""http://i.f1g.fr/media/figaro/orig/2018/04/19/XVM64019fec-432c-11e8-a18d-c12fdf4e8e03.jpg""},""url"":""http://www.lefigaro.fr/conjoncture/2018/04/19/20002-20180419ARTFIG00003-chine-etats-unis-arabie-saoudite-qui-gagnera-la-guerre-du-petrole.php""}},{""@type"":""ListItem"",""position"":55,""item"":{""@id"":""http://www.lefigaro.fr/langue-francaise/expressions-francaises/2018/04/19/37003-20180419ARTFIG00035-il-semble-qu-il-ait-ne-faites-plus-la-faute.php"",""name"":""Il semble qu'il «a(it)»: ne faites plus la faute !"",""image"":{""type"":""ImageObject"",""url"":null},""url"":""http://www.lefigaro.fr/langue-francaise/expressions-francaises/2018/04/19/37003-20180419ARTFIG00035-il-semble-qu-il-ait-ne-faites-plus-la-faute.php""}},{""@type"":""ListItem"",""position"":56,""item"":{""@id"":""http://etudiant.lefigaro.fr/article/des-eleves-sont-accuses-de-fraude-au-bac-dans-un-lycee-du-vaucluse_45e72f54-43b3-11e8-a18d-c12fdf4e8e03/"",""name"":""Des élèves sont accusés de fraude au bac, le sujet aurait fuité sur Snapchat"",""image"":{""type"":""ImageObject"",""url"":""http://i.f1g.fr/media/eidos/orig/2018/04/19/XVM2d884408-43e4-11e8-a18c-14c960e64307.jpg""},""url"":""http://etudiant.lefigaro.fr/article/des-eleves-sont-accuses-de-fraude-au-bac-dans-un-lycee-du-vaucluse_45e72f54-43b3-11e8-a18d-c12fdf4e8e03/""}},{""@type"":""ListItem"",""position"":57,""item"":{""@id"":""http://www.lefigaro.fr/livres/2018/04/19/03005-20180419ARTFIG00013-maurras-une-anthologie-de-ses-textes-pour-juger-sur-pieces.php"",""name"":""Maurras : une anthologie de ses textes pour juger sur pièces"",""image"":{""type"":""ImageObject"",""url"":""http://i.f1g.fr/media/figaro/orig/2018/04/19/XVMb31d14fc-431e-11e8-ad7a-1b7da48f683b.jpg""},""url"":""http://www.lefigaro.fr/livres/2018/04/19/03005-20180419ARTFIG00013-maurras-une-anthologie-de-ses-textes-pour-juger-sur-pieces.php""}},{""@type"":""ListItem"",""position"":58,""item"":{""@id"":""http://www.lefigaro.fr/livres/2018/04/19/03005-20180419ARTFIG00250-toni-morrison-prix-nobel-de-litterature-trump-ne-sait-pas-rire-il-en-est-incapable.php"",""name"":""Toni Morrison, prix Nobel de littérature : «Trump ne sait pas rire, il en est incapable»"",""image"":{""type"":""ImageObject"",""url"":""http://i.f1g.fr/media/figaro/orig/2018/04/19/XVM1fb8a4e4-43c1-11e8-ad7a-1b7da48f683b.jpg""},""url"":""http://www.lefigaro.fr/livres/2018/04/19/03005-20180419ARTFIG00250-toni-morrison-prix-nobel-de-litterature-trump-ne-sait-pas-rire-il-en-est-incapable.php""}},{""@type"":""ListItem"",""position"":59,""item"":{""@id"":""http://www.lefigaro.fr/festival-de-cannes/2018/04/19/03011-20180419ARTFIG00251-le-retour-fracassant-de-terry-gilliam-et-lars-von-trier-au-festival-de-cannes.php"",""name"":""Le retour fracassant de Terry Gilliam et Lars von Trier au Festival de Cannes"",""image"":{""type"":""ImageObject"",""url"":""http://i.f1g.fr/media/figaro/orig/2018/04/19/XVM543df0b2-43e3-11e8-a18c-14c960e64307.jpg""},""url"":""http://www.lefigaro.fr/festival-de-cannes/2018/04/19/03011-20180419ARTFIG00251-le-retour-fracassant-de-terry-gilliam-et-lars-von-trier-au-festival-de-cannes.php""}},{""@type"":""ListItem"",""position"":60,""item"":{""@id"":""http://madame.lefigaro.fr/societe/virginia-vallejo-maitresse-du-plus-grand-trafiquant-de-drogue-pablo-escobar-180418-148293"",""name"":""Virginia Vallejo, la trop méconnue maîtresse de Pablo Escobar"",""image"":{""type"":""ImageObject"",""url"":""http://i.f1g.fr/media/madame/orig/sites/default/files/img/2018/04/virginia-vallejo-journaliste-et-maitresse-de-pablo-escobar.jpg""},""url"":""http://madame.lefigaro.fr/societe/virginia-vallejo-maitresse-du-plus-grand-trafiquant-de-drogue-pablo-escobar-180418-148293""}},{""@type"":""ListItem"",""position"":61,""item"":{""@id"":""http://madame.lefigaro.fr/societe/manuel-valls-annonce-sa-separation-divorce-avec-la-violoniste-anne-gravoin-180418-148284"",""name"":""Manuel Valls annonce sa séparation avec Anne Gravoin"",""image"":{""type"":""ImageObject"",""url"":""http://i.f1g.fr/media/madame/orig/sites/default/files/img/2018/04/anne-gravoin-et-manuel-valls.jpg""},""url"":""http://madame.lefigaro.fr/societe/manuel-valls-annonce-sa-separation-divorce-avec-la-violoniste-anne-gravoin-180418-148284""}},{""@type"":""ListItem"",""position"":62,""item"":{""@id"":""http://madame.lefigaro.fr/cuisine/60-millions-de-consommateurs-les-aliments-a-proscrire-170418-148270"",""name"":""Dix aliments industriels à proscrire selon \""60 millions de consommateurs\"""",""image"":{""type"":""ImageObject"",""url"":""http://i.f1g.fr/media/madame/orig/sites/default/files/img/2018/04/60-millions-de-consommateurs--les-aliments-industriels-a-proscrire.jpg""},""url"":""http://madame.lefigaro.fr/cuisine/60-millions-de-consommateurs-les-aliments-a-proscrire-170418-148270""}},{""@type"":""ListItem"",""position"":63,""item"":{""@id"":""http://madame.lefigaro.fr/bien-etre/polyamour-aimer-plusieurs-personnes-a-la-fois-temoignages-femmes-couple-jalousie-organisation-090418-148158"",""name"":""Ces femmes qui aiment plusieurs personnes à la fois et l'assument"",""image"":{""type"":""ImageObject"",""url"":""http://i.f1g.fr/media/madame/orig/sites/default/files/img/2018/04/polyamour.jpg""},""url"":""http://madame.lefigaro.fr/bien-etre/polyamour-aimer-plusieurs-personnes-a-la-fois-temoignages-femmes-couple-jalousie-organisation-090418-148158""}},{""@type"":""ListItem"",""position"":64,""item"":{""@id"":""http://madame.lefigaro.fr/mariage/hm-mango-maje-des-robes-de-mariee-a-moins-de-500-euros-shopping-100418-148176"",""name"":""Les robes de mariée à moins de 500 euros n'ont jamais été aussi belles"",""image"":{""type"":""ImageObject"",""url"":""http://i.f1g.fr/media/madame/orig/sites/default/files/img/2018/04/voila-des-robes-de-mariee-chics-et-abordables.jpg""},""url"":""http://madame.lefigaro.fr/mariage/hm-mango-maje-des-robes-de-mariee-a-moins-de-500-euros-shopping-100418-148176""}},{""@type"":""ListItem"",""position"":65,""item"":{""@id"":""http://madame.lefigaro.fr/bien-etre/les-4-erreurs-a-ne-pas-commettre-quand-on-prepare-salade-composee-230616-114958"",""name"":""Les 4 erreurs à ne pas commettre quand on prépare une salade composée"",""image"":{""type"":""ImageObject"",""url"":""http://i.f1g.fr/media/madame/orig/sites/default/files/img/2018/04/les-erreur-a-eviter-pour-une-salade-composee-equilibree.jpg""},""url"":""http://madame.lefigaro.fr/bien-etre/les-4-erreurs-a-ne-pas-commettre-quand-on-prepare-salade-composee-230616-114958""}},{""@type"":""ListItem"",""position"":66,""item"":{""@id"":""http://tvmag.lefigaro.fr/programme-tv/homeland-claire-danes-confirme-la-fin-de-la-serie_0b3f4bea-43cf-11e8-a18c-14c960e64307/"",""name"":""Homeland : Claire Danes confirme la fin de la série"",""image"":{""type"":""ImageObject"",""url"":""http://i.f1g.fr/media/eidos/orig/2018/04/19/XVM0f5639ee-43d1-11e8-a18c-14c960e64307.jpg""},""url"":""http://tvmag.lefigaro.fr/programme-tv/homeland-claire-danes-confirme-la-fin-de-la-serie_0b3f4bea-43cf-11e8-a18c-14c960e64307/""}},{""@type"":""ListItem"",""position"":67,""item"":{""@id"":""http://madame.lefigaro.fr/celebrites/pink-elue-la-plus-belle-personne-du-monde-en-2018-magazine-people-190418-148313"",""name"":""Pink élue la \""plus belle personne\"" de l'année "",""image"":{""type"":""ImageObject"",""url"":""http://i.f1g.fr/media/madame/orig/sites/default/files/img/2018/04/pink-elue-la-plus-belle-femme-du-monde-2018.jpg""},""url"":""http://madame.lefigaro.fr/celebrites/pink-elue-la-plus-belle-personne-du-monde-en-2018-magazine-people-190418-148313""}},{""@type"":""ListItem"",""position"":68,""item"":{""@id"":""http://www.lefigaro.fr/photos/2018/04/16/01013-20180416ARTFIG00207-24-heures-photo-du-16-avril-2018.php"",""name"":""24 heures photo"",""image"":{""type"":""ImageObject"",""url"":""http://i.f1g.fr/media/figaro/orig/2018/04/16/XVM28460038-43e5-11e8-ad7a-1b7da48f683b.jpg""},""url"":""http://www.lefigaro.fr/photos/2018/04/16/01013-20180416ARTFIG00207-24-heures-photo-du-16-avril-2018.php""}},{""@type"":""ListItem"",""position"":69,""item"":{""@id"":""http://video.lefigaro.fr/figaro/video/ces-timelapses-de-tokyo-sont-magiques/5773015046001/"",""name"":""Ces timelapses de Tokyo sont magiques"",""image"":{""type"":""ImageObject"",""url"":""http://lefigaro.brightcove.com.edgesuite.net/pd/610043537001/201804/305/610043537001_5773023140001_5773015046001-vs.jpg?pubId=610043537001&amp;videoId=5773015046001""},""url"":""http://video.lefigaro.fr/figaro/video/ces-timelapses-de-tokyo-sont-magiques/5773015046001/""}},{""@type"":""ListItem"",""position"":70,""item"":{""@id"":""http://video.lefigaro.fr/figaro/video/coupe-de-france-en-chanson-philippe-katerine-affronte-francis-lalanne/5771866309001/"",""name"":""Coupe de France : en chanson, Philippe Katerine affronte Francis Lalanne"",""image"":{""type"":""ImageObject"",""url"":""http://lefigaro.brightcove.com.edgesuite.net/pd/610043537001/201804/1514/610043537001_5772543075001_5771866309001-vs.jpg?pubId=610043537001&amp;videoId=5771866309001""},""url"":""http://video.lefigaro.fr/figaro/video/coupe-de-france-en-chanson-philippe-katerine-affronte-francis-lalanne/5771866309001/""}},{""@type"":""ListItem"",""position"":71,""item"":{""@id"":""http://video.lefigaro.fr/figaro/video/une-impressionnante-tornade-frappe-l-algerie./5771098586001/"",""name"":""Une impressionnante tornade frappe l'Algérie."",""image"":{""type"":""ImageObject"",""url"":""http://lefigaro.brightcove.com.edgesuite.net/pd/610043537001/201804/754/610043537001_5771133857001_5771098586001-vs.jpg?pubId=610043537001&amp;videoId=5771098586001""},""url"":""http://video.lefigaro.fr/figaro/video/une-impressionnante-tornade-frappe-l-algerie./5771098586001/""}},{""@type"":""ListItem"",""position"":72,""item"":{""@id"":""http://video.lefigaro.fr/figaro/video/buckingham-palace-se-transforme-en-jardin-tropical/5771060346001/"",""name"":""Buckingham Palace se transforme en jardin tropical"",""image"":{""type"":""ImageObject"",""url"":""http://lefigaro.brightcove.com.edgesuite.net/pd/610043537001/201804/3854/610043537001_5771063732001_5771060346001-vs.jpg?pubId=610043537001&amp;videoId=5771060346001""},""url"":""http://video.lefigaro.fr/figaro/video/buckingham-palace-se-transforme-en-jardin-tropical/5771060346001/""}}]},{""@context"":""http://schema.org"",""@type"":""Organization"",""name"":""Le Figaro"",""url"":""http://www.lefigaro.fr/"",""logo"":{""@type"":""ImageObject"",""url"":""http://a.f1g.fr/assets-img/i/f/m150.png""}}]"
712,http://www.hotels.com/,"[{""@context"":""http://schema.org"",""@type"":""WebSite"",""url"":""https://www.hotels.com/"",""potentialAction"":{""@type"":""SearchAction"",""target"":""https://www.hotels.com/landing/searchoptions?da_match={search_term_string}&intlid=slsb"",""query-input"":""required name=search_term_string""}}]"
712,http://www.hotels.com/,"[{""@context"":""http://schema.org"",""@type"":""WebSite"",""url"":""https://www.hotels.com/"",""potentialAction"":{""@type"":""SearchAction"",""target"":""https://www.hotels.com/landing/searchoptions?da_match={search_term_string}&intlid=slsb"",""query-input"":""required name=search_term_string""}}]"
757,http://www.bitbucket.org/,"{""@context"":""http://schema.org"",""@type"":""WebSite"",""name"":""Bitbucket"",""url"":""https://www.bitbucket.org"",""sameAs"":[""https://plus.google.com/+Bitbucket"",""https://www.facebook.com/Bitbucket/"",""https://twitter.com/Bitbucket""],""potentialAction"":{""@type"":""SearchAction"",""target"":""https://bitbucket.org/repo/all/?name={search_term_string}"",""query-input"":""required name=search_term_string""}}"
776,http://www.cdiscount.com/,"{""@context"":""http://schema.org"",""@type"":""WebSite"",""url"":""http://www.cdiscount.com/"",""potentialAction"":{""@type"":""SearchAction"",""target"":""http://www.cdiscount.com/search/10/{search_term_string}.html"",""query-input"":""required name=search_term_string""}}"
804,http://www.jabong.com/,"{""@context"":""http://schema.org"",""@type"":""WebSite"",""url"":""https://www.jabong.com/"",""potentialAction"":[{""@type"":""SearchAction"",""target"":""https://www.jabong.com/find?q={search_term_string}"",""query-input"":""required name=search_term_string""},{""@type"":""SearchAction"",""target"":""android-app://com.jabong.android/jabong/in/s/{search_term_string}"",""query-input"":""required name=search_term_string""}]}"
808,http://www.thepennyhoarder.com/,"{""@context"":""http://schema.org"",""@type"":""WebPage"",""headline"":""The Penny Hoarder"",""url"":""http://www.thepennyhoarder.com/"",""thumbnailUrl"":"""",""dateCreated"":""2018-04-14T06:00:12+00:00"",""articleSection"":[""""],""creator"":"""",""keywords"":[""""],""post_id"":""84612""}"
829,http://www.kizlarsoruyor.com/,"{""@context"":""https://schema.org"",""@type"":""WebSite"",""url"":""https://www.kizlarsoruyor.com"",""potentialAction"":{""@type"":""SearchAction"",""target"":""https://www.kizlarsoruyor.com/ara?q={search_term}"",""query-input"":""required name=search_term""}}"
830,http://www.kotaku.com/,"{""@context"":""http://schema.org"",""@type"":""ItemList"",""url"":""https://kotaku.com"",""itemListElement"":[{""@type"":""ListItem"",""position"":1,""url"":""https://deals.kinja.com/saturdays-best-deals-moto-g5s-plus-garage-storage-sal-1825262342""},{""@type"":""ListItem"",""position"":2,""url"":""https://kotaku.com/i-like-it-when-battle-royale-arenas-fight-back-1825266880""},{""@type"":""ListItem"",""position"":3,""url"":""https://compete.kotaku.com/overwatch-pro-reveals-the-perfect-time-to-use-genjis-ul-1825265742""},{""@type"":""ListItem"",""position"":4,""url"":""https://deals.kinja.com/snag-this-moto-g5s-smartphone-for-220-today-only-1825262189""},{""@type"":""ListItem"",""position"":5,""url"":""https://kotaku.com/lets-remember-some-mobas-1825264275""},{""@type"":""ListItem"",""position"":6,""url"":""https://kotaku.com/track-how-simple-artist-hop-along-album-bark-you-1825264069""},{""@type"":""ListItem"",""position"":7,""url"":""https://kotaku.com/a-punch-out-successor-starring-a-boxing-duck-1825263498""},{""@type"":""ListItem"",""position"":8,""url"":""https://kotaku.com/this-cannot-continue-except-it-is-we-re-streaming-th-1825264089""},{""@type"":""ListItem"",""position"":9,""url"":""https://compete.kotaku.com/the-weekend-in-esports-halo-is-it-me-youre-looking-fo-1825263053""},{""@type"":""ListItem"",""position"":10,""url"":""https://kotaku.com/sega-announces-a-mega-drive-mini-1825262924""},{""@type"":""ListItem"",""position"":11,""url"":""https://kotaku.com/this-week-in-the-business-what-does-the-west-know-any-1825251740""},{""@type"":""ListItem"",""position"":12,""url"":""https://kotaku.com/shenmue-i-and-ii-are-coming-to-the-playstation-4-xbox-1825257803""},{""@type"":""ListItem"",""position"":13,""url"":""https://deals.kinja.com/open-up-all-of-your-gadgets-with-this-13-tool-kit-1825249299""},{""@type"":""ListItem"",""position"":14,""url"":""https://kinjaroundup.kinja.com/the-a-v-club-it-would-be-awesome-if-neil-degrasse-tyso-1825253804""},{""@type"":""ListItem"",""position"":15,""url"":""https://kotaku.com/pubg-works-great-as-a-team-deathmatch-game-1825253929""},{""@type"":""ListItem"",""position"":16,""url"":""https://kotaku.com/what-are-you-playing-this-weekend-1825252339""},{""@type"":""ListItem"",""position"":17,""url"":""https://film.avclub.com/a-stoned-kirk-douglas-fights-harvey-keitel-and-a-robot-1825218883""},{""@type"":""ListItem"",""position"":18,""url"":""https://deals.kinja.com/the-10-best-deals-of-april-13-2018-1825248535""},{""@type"":""ListItem"",""position"":19,""url"":""https://kotaku.com/a-lot-of-work-goes-into-adding-just-one-suit-to-spider-1825252708""},{""@type"":""ListItem"",""position"":20,""url"":""https://kotaku.com/six-reasons-why-god-of-war-totally-owns-1825252561""}],""headline"":""The Gamer's Guide"",""thumbnailUrl"":""https://i.kinja-img.com/gawker-media/image/upload/s--RPxNmIOr--/q7zwusd8shuags0nnpk5.png""}"
838,http://www.otvfoco.com.br/,"{""@context"":""https://schema.org"",""@type"":""WebSite"",""@id"":""#website"",""url"":""https://www.otvfoco.com.br/"",""name"":""TV Foco"",""potentialAction"":{""@type"":""SearchAction"",""target"":""https://www.otvfoco.com.br/?s={search_term_string}"",""query-input"":""required name=search_term_string""}}"
864,http://www.porn.com/,"[{""@context"":""https://schema.org"",""@id"":""https://www.porn.com/#organization"",""@type"":""Organization"",""name"":""PORN.COM"",""url"":""https://www.porn.com/"",""logo"":""https://mediav.porn.com/images/m_logo_light.svg"",""sameAs"":[""https://twitter.com/worldsbestporn"",""https://instagram.com/worldsbestporn/""]},{""@context"":""https://schema.org"",""@id"":""https://www.porn.com/#website"",""@type"":""WebSite"",""url"":""https://www.porn.com/"",""name"":""PORN.COM"",""potentialAction"":{""@type"":""SearchAction"",""target"":""https://www.porn.com/videos/search?q={search_term_string}"",""query-input"":""required name=search_term_string""}}]"
901,http://www.mashable.com/,"{""@context"":""http://schema.org"",""headline"":""Mashable"",""url"":""https://mashable.com/"",""keywords"":[""Social Networking"",""Social Media"",""News"",""Web"",""Technology"",""Web 2.0"",""Tech"",""Information"",""Blog"",""Facebook"",""YouTube"",""Google"",""Top""],""@type"":""Webpage""}"
904,http://www.freejobalert.com/,"{""@context"":""http://schema.org"",""@type"":""WebSite"",""url"":""http://www.freejobalert.com/"",""potentialAction"":{""@type"":""SearchAction"",""target"":""http://www.freejobalert.com/mysearch/?q={search_term}"",""query-input"":""required name=search_term""}}"
955,http://www.movie2free.com/,"{""@context"":""https://schema.org"",""@type"":""WebSite"",""@id"":""#website"",""url"":""https://www.movie2free.com/"",""name"":""เว็บดูหนังออนไลน์ HD Movie2free.com ฟรี"",""potentialAction"":{""@type"":""SearchAction"",""target"":""https://www.movie2free.com/?s={search_term_string}"",""query-input"":""required name=search_term_string""}}"
958,http://www.istockphoto.com/,"{""@context"":""http://schema.org"",""@type"":""WebSite"",""url"":""https://www.istockphoto.com/"",""potentialAction"":{""@type"":""SearchAction"",""target"":""https://www.istockphoto.com/search/2/image?phrase={search_term_string}&esource=sitesearch"",""query-input"":""required name=search_term_string""}}"
968,http://www.visualstudio.com/,"{""@context"":""https://schema.org"",""@type"":""WebSite"",""@id"":""#website"",""url"":""https://www.visualstudio.com/"",""name"":""Visual Studio"",""potentialAction"":{""@type"":""SearchAction"",""target"":""https://www.visualstudio.com/?s={search_term_string}"",""query-input"":""required name=search_term_string""}}"
973,http://www.debate.com.mx/,"{""@context"":""http://schema.org"",""@type"":""WebSite"",""url"":""https://www.debate.com.mx"",""potentialAction"":{""@type"":""SearchAction"",""target"":""https://www.debate.com.mx/buscar.html?search={search_term_string}"",""query-input"":""required name=search_term_string""}}"
974,http://www.eporner.com/,"{""@context"":""http://schema.org"",""@type"":""WebSite"",""url"":""https://www.eporner.com/"",""potentialAction"":{""@type"":""SearchAction"",""target"":""https://www.eporner.com/search/?q={search_term_string}"",""query-input"":""required name=search_term_string""}}"
990,http://www.bhaskar.com/,"{""@context"":""https://schema.org"",""@type"":""WebSite"",""url"":""https://www.bhaskar.com/"",""potentialAction"":{""@type"":""SearchAction"",""target"":""https://www.bhaskar.com/search?q={search_term}"",""query-input"":""required name=search_term""}}"
1015,http://www.nba.com/,"{""@context"":""http://schema.org"",""@type"":""WebPage"",""headline"":""NBA.com"",""url"":""http://www.nba.com"",""dateCreated"":""2017-01-02T12:51:05Z"",""datePublished"":""2016-11-03T17:38:17"",""author"":{""@type"":""Organization"",""name"":""NBA.com""},""publisher"":{""@type"":""Organization"",""name"":""NBA.com"",""logo"":{""@type"":""ImageObject"",""url"":""http://cdn.nba.net/assets/amp/include/images/nba-logo.png"",""width"":180,""height"":60}},""image"":{""@type"":""ImageObject"",""url"":""http://cdn.nba.net/themes/custom/league/assets/images/video/nbaVideoGeneric1200x675.png"",""width"":225,""height"":127},""thumbnailUrl"":null,""keywords"":[""NBA.com Homepage""]}"
1015,http://www.nba.com/,"{""@context"":""http://schema.org"",""@type"":""WebPage"",""headline"":""NBA.com"",""url"":""http://www.nba.com"",""dateCreated"":""2017-01-02T12:51:05Z"",""datePublished"":""2016-11-03T17:38:17"",""author"":{""@type"":""Organization"",""name"":""NBA.com""},""publisher"":{""@type"":""Organization"",""name"":""NBA.com"",""logo"":{""@type"":""ImageObject"",""url"":""http://cdn.nba.net/assets/amp/include/images/nba-logo.png"",""width"":180,""height"":60}},""image"":{""@type"":""ImageObject"",""url"":""http://cdn.nba.net/themes/custom/league/assets/images/video/nbaVideoGeneric1200x675.png"",""width"":225,""height"":127},""thumbnailUrl"":null,""keywords"":[""NBA.com Homepage""]}"
1020,http://www.westernjournalism.com/,"{""@context"":""https://schema.org"",""@type"":""WebSite"",""@id"":""#website"",""url"":""https://www.westernjournal.com/"",""name"":""The Western Journal"",""potentialAction"":{""@type"":""SearchAction"",""target"":""https://www.westernjournal.com/?s={search_term_string}"",""query-input"":""required name=search_term_string""}}"
1026,http://www.tilestwra.com/,"{""@context"":""https://schema.org"",""@type"":""WebSite"",""@id"":""#website"",""url"":""http://www.tilestwra.com/"",""name"":""Τι λες τώρα;"",""potentialAction"":{""@type"":""SearchAction"",""target"":""http://www.tilestwra.com/?s={search_term_string}"",""query-input"":""required name=search_term_string""}}"
1053,http://www.pexels.com/,"{""@context"":""http://schema.org"",""@type"":""WebSite"",""url"":""https://www.pexels.com/"",""potentialAction"":{""@type"":""SearchAction"",""target"":""https://www.pexels.com/search/{search_term_string}/"",""query-input"":""required name=search_term_string""}}"
1056,http://www.indianexpress.com/,"[{""@context"":""http://schema.org"",""@type"":""SiteNavigationElement"",""name"":""India"",""url"":""http://indianexpress.com/section/india/""},{""@context"":""http://schema.org"",""@type"":""SiteNavigationElement"",""name"":""World"",""url"":""http://indianexpress.com/section/world/""},{""@context"":""http://schema.org"",""@type"":""SiteNavigationElement"",""name"":""Cities"",""url"":""http://indianexpress.com/section/cities/""},{""@context"":""http://schema.org"",""@type"":""SiteNavigationElement"",""name"":""Opinion"",""url"":""http://indianexpress.com/section/opinion/""},{""@context"":""http://schema.org"",""@type"":""SiteNavigationElement"",""name"":""Sports"",""url"":""http://indianexpress.com/section/sports/""},{""@context"":""http://schema.org"",""@type"":""SiteNavigationElement"",""name"":""Entertainment"",""url"":""http://indianexpress.com/section/entertainment/""},{""@context"":""http://schema.org"",""@type"":""SiteNavigationElement"",""name"":""Lifestyle"",""url"":""http://indianexpress.com/section/lifestyle/""},{""@context"":""http://schema.org"",""@type"":""SiteNavigationElement"",""name"":""Technology"",""url"":""http://indianexpress.com/section/technology/""},{""@context"":""http://schema.org"",""@type"":""SiteNavigationElement"",""name"":""Viral"",""url"":""http://indianexpress.com/trending/""},{""@context"":""http://schema.org"",""@type"":""SiteNavigationElement"",""name"":""Photos"",""url"":""http://indianexpress.com/photos/""},{""@context"":""http://schema.org"",""@type"":""SiteNavigationElement"",""name"":""Videos"",""url"":""http://indianexpress.com/videos/""},{""@context"":""http://schema.org"",""@type"":""SiteNavigationElement"",""name"":""ePaper"",""url"":""http://epaper.indianexpress.com/""},{""@context"":""http://schema.org"",""@type"":""SiteNavigationElement"",""name"":""Elections 2018"",""url"":""http://indianexpress.com/elections/""},{""@context"":""http://schema.org"",""@type"":""SiteNavigationElement"",""name"":""Home"",""url"":""http://indianexpress.com/""},{""@context"":""http://schema.org"",""@type"":""SiteNavigationElement"",""name"":""Latest News"",""url"":""http://indianexpress.com/latest-news/""},{""@context"":""http://schema.org"",""@type"":""SiteNavigationElement"",""name"":""Business"",""url"":""http://indianexpress.com/section/business/""},{""@context"":""http://schema.org"",""@type"":""SiteNavigationElement"",""name"":""Explained"",""url"":""http://indianexpress.com/section/explained/""},{""@context"":""http://schema.org"",""@type"":""SiteNavigationElement"",""name"":""Trending"",""url"":""http://indianexpress.com/trending/""},{""@context"":""http://schema.org"",""@type"":""SiteNavigationElement"",""name"":""Astrology"",""url"":""http://indianexpress.com/astrotype/daily/""},{""@context"":""http://schema.org"",""@type"":""SiteNavigationElement"",""name"":""Today’s Paper"",""url"":""http://indianexpress.com/todays-paper/""},{""@context"":""http://schema.org"",""@type"":""SiteNavigationElement"",""name"":""Education"",""url"":""http://indianexpress.com/education/""},{""@context"":""http://schema.org"",""@type"":""SiteNavigationElement"",""name"":""What Is"",""url"":""http://indianexpress.com/section/what-is/""},{""@context"":""http://schema.org"",""@type"":""SiteNavigationElement"",""name"":""When Is"",""url"":""http://indianexpress.com/section/when-is/""},{""@context"":""http://schema.org"",""@type"":""SiteNavigationElement"",""name"":""Who Is"",""url"":""http://indianexpress.com/section/who-is/""},{""@context"":""http://schema.org"",""@type"":""SiteNavigationElement"",""name"":""How to"",""url"":""http://indianexpress.com/section/how-to/""},{""@context"":""http://schema.org"",""@type"":""SiteNavigationElement"",""name"":""Budget 2018"",""url"":""http://indianexpress.com/section/business/budget/""},{""@context"":""http://schema.org"",""@type"":""SiteNavigationElement"",""name"":""Brand Solutions"",""url"":""http://indianexpress.com/brand-solutions/""}]"
1070,http://www.deadspin.com/,"{""@context"":""http://schema.org"",""@type"":""ItemList"",""url"":""https://deadspin.com"",""itemListElement"":[{""@type"":""ListItem"",""position"":1,""url"":""https://deals.kinja.com/save-74-on-the-4k-apple-tv-plus-three-months-of-direc-1823322517""},{""@type"":""ListItem"",""position"":2,""url"":""https://deadspin.com/serge-ibaka-got-hit-in-the-dick-and-balls-1825268849""},{""@type"":""ListItem"",""position"":3,""url"":""https://deadspin.com/deadspin-up-all-night-one-day-theyll-know-1825267933""},{""@type"":""ListItem"",""position"":4,""url"":""https://deadspin.com/man-city-is-on-the-cusp-of-a-premier-league-title-1825267746""},{""@type"":""ListItem"",""position"":5,""url"":""https://deadspin.com/a-squeeze-weve-got-a-squeeze-here-folks-1825267598""},{""@type"":""ListItem"",""position"":6,""url"":""https://deals.kinja.com/saturdays-best-deals-moto-g5s-plus-garage-storage-sal-1825262342""},{""@type"":""ListItem"",""position"":7,""url"":""https://deadspin.com/mitch-kupchak-cleans-house-in-charlotte-fires-steve-cl-1825267084""},{""@type"":""ListItem"",""position"":8,""url"":""https://deadspin.com/marlins-man-visits-marlins-off-shore-corporate-home-fi-1825266414""},{""@type"":""ListItem"",""position"":9,""url"":""https://deals.kinja.com/finally-organize-your-garage-with-this-one-day-home-dep-1825263346""},{""@type"":""ListItem"",""position"":10,""url"":""https://deadspin.com/golfer-kelly-kraft-misses-cut-after-tee-shot-nails-bird-1825265490""},{""@type"":""ListItem"",""position"":11,""url"":""https://deadspin.com/i-am-so-incredibly-ready-for-nba-tanking-to-be-a-thing-1825264665""},{""@type"":""ListItem"",""position"":12,""url"":""https://deadspin.com/a-timely-and-exhaustive-preview-of-the-2018-nba-playoff-1825262696""},{""@type"":""ListItem"",""position"":13,""url"":""https://deadspin.com/the-lowest-lowlight-from-a-slapstick-pirates-loss-was-t-1825258727""},{""@type"":""ListItem"",""position"":14,""url"":""https://deadspin.com/owner-who-sold-off-all-his-teams-best-players-wants-tea-1825258743""},{""@type"":""ListItem"",""position"":15,""url"":""https://deals.kinja.com/listen-to-what-your-car-is-telling-you-with-these-obd2-1825262458""},{""@type"":""ListItem"",""position"":16,""url"":""https://deadspin.com/mark-sanchez-suspended-four-largely-hypothetical-games-1825254616""},{""@type"":""ListItem"",""position"":17,""url"":""https://deals.kinja.com/the-10-best-deals-of-april-13-2018-1825248535""},{""@type"":""ListItem"",""position"":18,""url"":""https://deadspin.com/deadspin-up-all-night-people-all-over-the-world-1825252711""},{""@type"":""ListItem"",""position"":19,""url"":""https://deadspin.com/unleash-playoff-lebron-1825251764""},{""@type"":""ListItem"",""position"":20,""url"":""https://deadspin.com/watermelons-cower-in-fear-upon-your-mighty-new-crocodil-1825252156""}],""headline"":""Sports News without Access, Favor, or Discretion"",""thumbnailUrl"":""https://i.kinja-img.com/gawker-media/image/upload/s--QAMlYgoI--/rnxqtvv6advgidzfs6am.png""}"
1083,http://www.wykop.pl/,"{""@context"":""http://schema.org"",""mainEntityOfPage"":{""@type"":""WebPage"",""url"":""https://www.wykop.pl/static/wykoppl/img/dev/logo_wykop_500.png""},""publisher"":{""@type"":""Organization"",""logo"":{""@type"":""ImageObject"",""url"":""https://www.wykop.pl/static/wykoppl/img/dev/logo_wykop_500.png""},""name"":""Wykop.pl"",""sameAs"":[""https://www.facebook.com/wykoppl/"",""https://twitter.com/wykop"",""https://www.instagram.com/Wykop_pl/"",""https://plus.google.com/u/0/+wykop"",""https://vimeo.com/user4265288"",""https://www.youtube.com/user/WykopKontoOficjalne""]}}"
1089,http://www.tandfonline.com/,"{""@context"":""http://schema.org"",""@type"":""WebSite"",""url"":""http://www.tandfonline.com"",""potentialAction"":{""@type"":""SearchAction"",""target"":""http://www.tandfonline.com/action/doSearch?AllField={search_term}&amp;searchLoggingType=google"",""query-input"":""required name=search_term""}}"
1089,http://www.tandfonline.com/,"{""@context"":""http://schema.org"",""@type"":""WebSite"",""url"":""http://www.tandfonline.com"",""potentialAction"":{""@type"":""SearchAction"",""target"":""http://www.tandfonline.com/action/doSearch?AllField={search_term}&amp;searchLoggingType=google"",""query-input"":""required name=search_term""}}"
1090,http://www.ninisite.com/,"{""@context"":""http://schema.org"",""@type"":""WebSite"",""name"":""نی نی سایت"",""url"":""https://www.ninisite.com/"",""potentialAction"":{""@type"":""SearchAction"",""target"":""https://www.ninisite.com/?q={search_term}"",""query-input"":""required name=search_term""}}"
1120,http://www.ctitv.com.tw/,"{""@context"":""http://schema.org"",""@type"":""WebSite"",""@id"":""#website"",""url"":""http://www.ctitv.com.tw/"",""name"":""中天電視"",""potentialAction"":{""@type"":""SearchAction"",""target"":""http://www.ctitv.com.tw/?s={search_term_string}"",""query-input"":""required name=search_term_string""}}"
1153,http://www.elconfidencial.com/,"[{""@context"":""http://schema.org"",""@type"":""Organization"",""name"":""El Confidencial"",""url"":""https://www.elconfidencial.com/"",""logo"":""https://www.ecestaticos.com/file/0be042580f4f0f53813bd70f7984033c/1456834011.svg"",""sameAs"":[""https://rss.elconfidencial.com/""]},{""@context"":""http://schema.org"",""@type"":""WebSite"",""url"":""https://www.elconfidencial.com/"",""name"":""El Confidencial"",""potentialAction"":{""@type"":""SearchAction"",""target"":""https://www.elconfidencial.com/buscar/2-6-1-3/0/1/10/desc/{search_term_string}/"",""query-input"":""required name=search_term_string""}}]"
1162,http://www.heavy.com/,"{""@context"":""http://schema.org"",""@type"":""NewsArticle"",""headline"":""How to Watch Monte-Carlo Masters Online Without Cable"",""description"":""Here&#039;s your complete guide on how to watch the 2018 Monte-Carlo Masters live online without cable."",""dateModified"":""2018-04-15T07:00:04+00:00"",""datePublished"":""2018-04-15T07:00:00+00:00"",""inLanguage"":""en"",""articleSection"":""Sports"",""keywords"":""Monte-Carlo Masters Live Stream, How to Watch Without Cable, Tennis Channel"",""mainEntityOfPage"":""https://heavy.com/sports/2018/04/watch-monte-carlo-masters-live-stream/"",""image"":{""@type"":""ImageObject"",""url"":""https://heavyeditorial.files.wordpress.com/2018/04/gettyimages-943316758-e1523662644639.jpg?quality=65&#038;strip=all&#038;w=780"",""width"":780,""height"":439},""publisher"":{""@type"":""Organization"",""name"":""Heavy.com"",""logo"":{""@type"":""ImageObject"",""url"":""https://heavyeditorial.files.wordpress.com/2017/10/heavy_logo_amp_new_169_60_2pxb.png"",""width"":160,""height"":60},""url"":""https://heavy.com"",""sameas"":""https://twitter.com/HeavySan/""},""author"":{""@type"":""Person"",""name"":""Tim Keeney"",""description"":""Tim Keeney is a sports contributor for Heavy. He has previously worked for &lt;a href=&quot;https://www.rivals.com/&quot;&gt;Rivals&lt;/a&gt;, &lt;a href=&quot;http://statsheet.com/&quot;&gt;StatSheet&lt;/a&gt; and &lt;a href=&quot;http://bleacherreport.com/&quot;&gt;Bleacher Report&lt;/a&gt;. You can follow him on Twitter &lt;a href=&quot;https://twitter.com/t_keen&quot;&gt;@t_keen&lt;/a&gt;"",""id"":""https://heavy.com/author/timkeeney88"",""url"":""https://heavy.com/author/timkeeney88"",""mainEntityOfPage"":""https://heavy.com/author/timkeeney88"",""image"":{""@type"":""ImageObject"",""url"":""https://secure.gravatar.com/avatar/8780472c5d154be03bddb160ca3c0b3a?s=96&#038;d=mm&#038;r=pg"",""height"":96,""width"":96}}}"
1176,http://www.wayfair.com/,"{""@context"":""http://schema.org"",""@type"":""WebSite"",""name"":""Wayfair"",""url"":""https://www.wayfair.com""}"
1176,http://www.wayfair.com/,"{""@context"":""http://schema.org"",""@type"":""WebSite"",""name"":""Wayfair"",""url"":""https://www.wayfair.com"",""potentialAction"":{""@type"":""SearchAction"",""target"":""https://www.wayfair.com/keyword.php?keyword={search_term_string}&sitelinks_search_box=1"",""query-input"":""required name=search_term_string""}}"
1199,http://www.plex.tv/,"{""@context"":""http://schema.org"",""@type"":""WebSite"",""@id"":""#website"",""url"":""https://www.plex.tv/"",""name"":""Plex"",""potentialAction"":{""@type"":""SearchAction"",""target"":""https://www.plex.tv/?s={search_term_string}"",""query-input"":""required name=search_term_string""}}"
1203,http://www.tradedoubler.com/,"{""@context"":""https://schema.org"",""@type"":""WebSite"",""@id"":""#website"",""url"":""http://www.tradedoubler.com/en/"",""name"":""Tradedoubler"",""potentialAction"":{""@type"":""SearchAction"",""target"":""http://www.tradedoubler.com/en/?s={search_term_string}"",""query-input"":""required name=search_term_string""}}"
1217,http://www.kknews.cc/,"{""@context"":""http://schema.org"",""@type"":""WebSite"",""url"":""https://kknews.cc/"",""potentialAction"":{""@type"":""SearchAction"",""target"":""https://kknews.cc/search/?q={query}&src=search_action"",""query-input"":""required name=query""}}"
1230,http://www.farfetch.com/,"{""@context"":""http://schema.org"",""@type"":""WebSite"",""url"":""https://www.farfetch.com/"",""potentialAction"":{""@type"":""SearchAction"",""target"":""https://www.farfetch.com/shopping/women/search/items.aspx?q={search_term_string}"",""query-input"":""required name=search_term_string""}}"
1233,http://www.rvcj.com/,"{""@context"":""https://schema.org"",""@type"":""WebSite"",""@id"":""#website"",""url"":""https://www.rvcj.com/"",""name"":""RVCJ Media"",""potentialAction"":{""@type"":""SearchAction"",""target"":""https://www.rvcj.com/?s={search_term_string}"",""query-input"":""required name=search_term_string""}}"
1266,http://www.newyorker.com/,"{""@context"":""http://schema.org"",""@type"":""Organization"",""name"":""The New Yorker"",""url"":""https://www.newyorker.com"",""logo"":{""@context"":""http://schema.org"",""@type"":""ImageObject"",""url"":""https://www.newyorker.com/images/svg/tny-logo.svg"",""width"":190,""height"":44},""sameAs"":[""https://www.facebook.com/newyorker/"",""https://twitter.com/NewYorker"",""https://www.snapchat.com/add/newyorkermag"",""https://www.youtube.com/user/NewYorkerDotCom"",""https://www.instagram.com/newyorkermag/""]}"
1268,http://www.ashemaletube.com/,"{""@context"":""http://schema.org"",""@type"":""WebSite"",""url"":""https://www.ashemaletube.com/"",""potentialAction"":{""@type"":""SearchAction"",""target"":""https://www.ashemaletube.com/search/{search_term_string}/"",""query-input"":""required name=search_term_string""}}"
1308,http://www.nation.co.ke/,"{""@context"":""https://schema.org"",""@type"":""Organization"",""name"":""Daily Nation"",""url"":""https://www.nation.co.ke/"",""logo"":""https://www.nation.co.ke/logo.png"",""sameAs"":[""https://www.facebook.com/dailynation"",""https://twitter.com/dailynation"",""https://plus.google.com/117103205968039363033/posts"",""https://www.youtube.com/user/NTVKenya""]}"
1314,http://www.digitaltrends.com/,"{""@context"":""https://schema.org"",""@type"":""WebSite"",""@id"":""#website"",""url"":""https://www.digitaltrends.com/"",""name"":""Digital Trends"",""potentialAction"":{""@type"":""SearchAction"",""target"":""https://www.digitaltrends.com/?s={search_term_string}"",""query-input"":""required name=search_term_string""}}"
1318,http://www.envato.com/,"{""@context"":""https://schema.org"",""@type"":""WebSite"",""@id"":""#website"",""url"":""https://envato.com/"",""name"":""Envato""}"
1326,http://www.zedo.com/,"{""@context"":""http://schema.org"",""@type"":""WebSite"",""@id"":""#website"",""url"":""https://www.zedo.com/"",""name"":""ZEDO, Inc."",""potentialAction"":{""@type"":""SearchAction"",""target"":""https://www.zedo.com/?s={search_term_string}"",""query-input"":""required name=search_term_string""}}"
1335,http://www.fextralife.com/,"{""@context"":""https://schema.org"",""@type"":""WebSite"",""@id"":""#website"",""url"":""https://fextralife.com/"",""name"":""Fextralife"",""potentialAction"":{""@type"":""SearchAction"",""target"":""https://fextralife.com/?s={search_term_string}"",""query-input"":""required name=search_term_string""}}"
1336,http://www.teamviewer.com/,"{""@context"":""http://schema.org"",""@type"":""WebSite"",""@id"":""#website"",""url"":""/"",""name"":""TeamViewer"",""potentialAction"":{""@type"":""SearchAction"",""target"":""/?s={search_term_string}"",""query-input"":""required name=search_term_string""}}"
1345,http://www.avclub.com/,"{""@context"":""http://schema.org"",""@type"":""ItemList"",""url"":""https://www.avclub.com"",""itemListElement"":[{""@type"":""ListItem"",""position"":1,""url"":""https://news.avclub.com/robert-de-niro-and-ben-stiller-meet-as-robert-mueller-a-1825272793""},{""@type"":""ListItem"",""position"":2,""url"":""https://tv.avclub.com/former-writer-john-mulaney-returns-to-host-a-hilarious-1825270587""},{""@type"":""ListItem"",""position"":3,""url"":""https://tv.avclub.com/spend-your-sunday-night-tracking-killing-eve-s-beautifu-1825248758""},{""@type"":""ListItem"",""position"":4,""url"":""https://www.avclub.com/tell-us-about-your-pop-culture-weekend-april-13-15-1825187225""},{""@type"":""ListItem"",""position"":5,""url"":""https://news.avclub.com/snl-scores-donald-glover-as-host-and-musical-guest-for-1825271686""},{""@type"":""ListItem"",""position"":6,""url"":""https://news.avclub.com/man-receives-hotel-pardon-17-years-after-wrecking-room-1825268306""},{""@type"":""ListItem"",""position"":7,""url"":""https://news.avclub.com/stan-lee-sues-ex-manager-for-fraud-stealing-his-blood-1825267921""},{""@type"":""ListItem"",""position"":8,""url"":""https://deals.kinja.com/saturdays-best-deals-moto-g5s-plus-garage-storage-sal-1825262342""},{""@type"":""ListItem"",""position"":9,""url"":""https://news.avclub.com/kanyes-adding-philosophy-author-to-his-list-of-credit-1825267523""},{""@type"":""ListItem"",""position"":10,""url"":""https://news.avclub.com/r-i-p-art-bell-king-of-late-night-conspiracy-radio-1825266558""},{""@type"":""ListItem"",""position"":11,""url"":""https://www.avclub.com/the-ongoing-struggle-to-find-fancy-new-clothing-in-vint-1825218178""},{""@type"":""ListItem"",""position"":12,""url"":""https://news.avclub.com/dwayne-johnsons-rampage-love-affair-is-breaking-the-doo-1825265395""},{""@type"":""ListItem"",""position"":13,""url"":""https://news.avclub.com/r-i-p-milos-forman-oscar-winning-director-of-amadeus-1825264560""},{""@type"":""ListItem"",""position"":14,""url"":""https://tv.avclub.com/gilmore-girls-season-7-finally-turns-a-corner-1825259266""},{""@type"":""ListItem"",""position"":15,""url"":""https://www.avclub.com/andie-mcdowell-on-multiplicity-and-being-pushed-back-to-1825158199""},{""@type"":""ListItem"",""position"":16,""url"":""https://www.avclub.com/no-surprise-felicity-huffman-and-william-h-macy-love-1825262605""},{""@type"":""ListItem"",""position"":17,""url"":""https://deals.kinja.com/this-board-game-is-basically-dirty-pictionary-get-it-1825262791""},{""@type"":""ListItem"",""position"":18,""url"":""https://www.avclub.com/what-are-you-watching-at-the-gym-1825247446""},{""@type"":""ListItem"",""position"":19,""url"":""https://news.avclub.com/in-his-series-premiere-wyatt-cenac-takes-a-thoughtful-1825259608""},{""@type"":""ListItem"",""position"":20,""url"":""https://news.avclub.com/kyle-chandler-to-bring-that-old-coach-taylor-charm-to-t-1825258051""}],""headline"":""Pop culture obsessives writing for the pop culture obsessed."",""thumbnailUrl"":""https://i.kinja-img.com/gawker-media/image/upload/s--M7Hw-JzA--/no63bw902mddhwxtjtxh.png""}"
1350,http://www.dagospia.com/,"{""@context"":""http://schema.org"",""@type"":""Organization"",""name"":""Dagospia"",""url"":""http://www.dagospia.com/"",""sameAs"":[""https://it-it.facebook.com/DagospiaUfficiale"",""https://twitter.com/_dagospia_"",""https://www.instagram.com/dagocafonal/?hl=it""]}"
1354,http://www.mayoclinic.org/,"{""@context"":""http://schema.org"",""@type"":""WebPage"",""name"":"""",""datePublished"":""2018-03-22"",""url"":""https://www.mayoclinic.org/""}"
1354,http://www.mayoclinic.org/,"{""@context"":""http://schema.org"",""@type"":""WebPage"",""name"":"""",""datePublished"":""2018-03-22"",""url"":""https://www.mayoclinic.org/""}"
1383,http://www.makeuseof.com/,"{""@context"":""http://schema.org"",""@type"":""WebSite"",""@id"":""#website"",""url"":""https://www.makeuseof.com/"",""name"":""MakeUseOf"",""potentialAction"":{""@type"":""SearchAction"",""target"":""https://www.makeuseof.com/?s={search_term_string}"",""query-input"":""required name=search_term_string""}}"
1394,http://www.urdupoint.com/,"{""@context"":""http://schema.org"",""@type"":""Organization"",""url"":""http://www.urdupoint.com/"",""logo"":""https://photo-cdn.urdupoint.com/daily/images/Logos/14yearpng.png"",""sameAs"":[""https://www.facebook.com/urdupoint.network"",""https://twitter.com/DailyUrduPoint"",""https://plus.google.com/+urdupoint"",""http://pinterest.com/urdupoint/"",""http://www.linkedin.com/company/pakistanpoint-com/"",""https://www.youtube.com/c/urdupointcomofficial"",""https://www.instagram.com/urdupoint_com""],""contactPoint"":[{""@type"":""ContactPoint"",""telephone"":""+92-042-1220-69696"",""contactType"":""customer service"",""areaServed"":""PK""},{""@type"":""ContactPoint"",""telephone"":""+92.42 353 17.001"",""contactType"":""customer service""},{""@type"":""ContactPoint"",""telephone"":""+92.42 353 17.002"",""contactType"":""customer service""},{""@type"":""ContactPoint"",""telephone"":""+92.42 353 17.003"",""contactType"":""customer service""},{""@type"":""ContactPoint"",""telephone"":""+92.42 353 17.004"",""contactType"":""customer service""}]}"
1423,http://www.last.fm/,"{""url"":""https://www.last.fm"",""@type"":""WebSite"",""potentialAction"":{""target"":""https://www.last.fm/search?q={query}"",""query-input"":""required name=query"",""@type"":""SearchAction""},""@context"":""http://schema.org""}"
1442,http://www.pelisplus.tv/,"{""@context"":""https://schema.org"",""@type"":""WebSite"",""url"":""https://www.pelisplus.tv/"",""name"":""Películas y Series online HD - PelisPlus.TV"",""potentialAction"":{""@type"":""SearchAction"",""target"":""https://www.pelisplus.tv/busqueda/?s={search_term}"",""query-input"":""required name=search_term""}}"
1462,http://www.tripadvisor.co.uk/,"{""@context"":""http://schema.org"",""@type"":""Organization"",""name"":""TripAdvisor"",""url"":""https://www.tripadvisor.com/"",""logo"":""https://static.tacdn.com/img2/branding/trip_logo_footer@2x.png"",""sameAs"":[""https://www.facebook.com/TripAdvisor"",""https://twitter.com/TripAdvisor"",""https://plus.google.com/+TripAdvisor"",""https://instagram.com/TripAdvisor/"",""https://www.linkedin.com/company/tripadvisor""]}"
1479,http://www.clarin.com/,"{""@context"":""http://schema.org"",""@type"":""Organization"",""url"":""https://www.clarin.com/"",""name"":""Clarin"",""sameAs"":[""https://www.facebook.com/clarincom/"",""https://twitter.com/clarincom""],""foundingDate"":""1945-08-28"",""logo"":""https://www.clarin.com/static/CLAClarin/images/logo_clarin.svg"",""description"":""Clarín es el diario de referencia de la sociedad argentina. Desde 1945, sus páginas reflejan la realidad local e internacional con un registro intransferible. Su redacción cuenta con el mayor equipo de periodistas del país, reconocido por sus estándares de calidad y rigor profesional.""}"
1486,http://www.sephora.com/,"{""@context"":""https://schema.org"",""@type"":""WebSite"",""url"":""https://www.sephora.com/"",""potentialAction"":{""@type"":""SearchAction"",""target"":""https://www.sephora.com/shop/search?keyword={search_term_string}"",""query-input"":""required name=search_term_string""}}"
1487,http://www.yeniakit.com.tr/,"{""@context"":""http://schema.org"",""@type"":""Organization"",""name"":""Yeni Akit Gazetesi"",""url"":""https://www.yeniakit.com.tr"",""sameAs"":[""https://www.facebook.com/yeniakitcomtr/"",""https://www.instagram.com/yeniakitgazetesi/"",""https://www.linkedin.com/company/yeniakit/"",""https://plus.google.com/u/0/118270228372385940533""]}"
1491,http://www.ajel.sa/,"{""@context"":""http://schema.org"",""@type"":""Organization"",""name"":""صحيفة عاجل الإلكترونية"",""url"":""https://ajel.sa/"",""logo"":null,""address"":{""@type"":""PostalAddress"",""streetAddress"":""Al-Murooj neighborhood"",""addressLocality"":""Riyadh"",""addressRegion"":""Riyadh"",""postalCode"":""12281""},""contactPoint"":{""@type"":""ContactPoint"",""telephone"":""+966112006056"",""contactType"":""customer service""},""sameAs"":[""https://www.facebook.com/ajelco"",""https://twitter.com/ajlnews"",""https://www.instagram.com/ajelco/"",""https://www.snapchat.com/add/ajelco""]}"
1491,http://www.ajel.sa/,"{""@context"":""http://schema.org"",""@type"":""Organization"",""name"":""صحيفة عاجل الإلكترونية"",""url"":""https://ajel.sa/"",""logo"":null,""address"":{""@type"":""PostalAddress"",""streetAddress"":""Al-Murooj neighborhood"",""addressLocality"":""Riyadh"",""addressRegion"":""Riyadh"",""postalCode"":""12281""},""contactPoint"":{""@type"":""ContactPoint"",""telephone"":""+966112006056"",""contactType"":""customer service""},""sameAs"":[""https://www.facebook.com/ajelco"",""https://twitter.com/ajlnews"",""https://www.instagram.com/ajelco/"",""https://www.snapchat.com/add/ajelco""]}"
1502,http://www.dict.cc/,"{""@context"":""http://schema.org"",""@type"":""WebSite"",""url"":""//www.dict.cc/"",""potentialAction"":{""@type"":""SearchAction"",""target"":""//www.dict.cc/?s={search_term}"",""query-input"":""required name=search_term""}}"
1511,http://www.depositphotos.com/,"{""@context"":""http://schema.org"",""@type"":""WebSite"",""url"":""https://depositphotos.com/"",""potentialAction"":{""@type"":""SearchAction"",""target"":""https://depositphotos.com/search/{literal}{search_term_string}{/literal}.html"",""query-input"":""required name=search_term_string""}}"
1550,http://www.vanguardngr.com/,"{""@context"":""http://schema.org"",""@type"":""WebSite"",""@id"":""#website"",""url"":""https://www.vanguardngr.com/"",""name"":""Vanguard News"",""alternateName"":""Vanguard Nigeria News"",""potentialAction"":{""@type"":""SearchAction"",""target"":""https://www.vanguardngr.com/?s={search_term_string}"",""query-input"":""required name=search_term_string""}}"